_id,device,feedback,timestamp,month
66209ac19a8cdfbc2b7d0afd,ezoHumidity,sending data,2024-04-18T00:00:01.064628-04:00,April
66209b149a8cdfbc2b7d0c0f,ezoColor,sending data,2024-04-18T00:01:24.731935-04:00,April
66209b689a8cdfbc2b7d0d21,ezoConductivity,sending data,2024-04-18T00:02:48.546259-04:00,April
66209bc19a8cdfbc2b7d0e35,ezoColor,sending data,2024-04-18T00:04:17.159908-04:00,April
66209c149a8cdfbc2b7d0f47,ezoConductivity,sending data,2024-04-18T00:05:40.849963-04:00,April
66209c6d9a8cdfbc2b7d105b,ezoColor,sending data,2024-04-18T00:07:09.460093-04:00,April
66209cc19a8cdfbc2b7d116d,ezoConductivity,sending data,2024-04-18T00:08:33.141699-04:00,April
66209d199a8cdfbc2b7d1281,ezoHumidity,sending data,2024-04-18T00:10:01.760800-04:00,April
66209d6d9a8cdfbc2b7d1393,ezoCO2,sending data,2024-04-18T00:11:25.428135-04:00,April
66209dc69a8cdfbc2b7d14a7,ezoHumidity,sending data,2024-04-18T00:12:54.054267-04:00,April
66209e199a8cdfbc2b7d15b9,ezoTemperature,sending data,2024-04-18T00:14:17.714826-04:00,April
66209e729a8cdfbc2b7d16cd,ezoHumidity,sending data,2024-04-18T00:15:46.445623-04:00,April
66209ec69a8cdfbc2b7d17df,ezoColor,sending data,2024-04-18T00:17:10.013011-04:00,April
66209f199a8cdfbc2b7d18f1,ezoConductivity,sending data,2024-04-18T00:18:33.821248-04:00,April
66209f729a8cdfbc2b7d1a05,ezoColor,sending data,2024-04-18T00:20:02.435369-04:00,April
66209fc69a8cdfbc2b7d1b17,ezoConductivity,sending data,2024-04-18T00:21:26.128055-04:00,April
6620a01e9a8cdfbc2b7d1c2b,ezoColor,sending data,2024-04-18T00:22:54.737001-04:00,April
6620a0729a8cdfbc2b7d1d3d,ezoConductivity,sending data,2024-04-18T00:24:18.421330-04:00,April
6620a0cb9a8cdfbc2b7d1e51,ezoHumidity,sending data,2024-04-18T00:25:47.035736-04:00,April
6620a11e9a8cdfbc2b7d1f63,ezoCO2,sending data,2024-04-18T00:27:10.705529-04:00,April
6620a1779a8cdfbc2b7d2077,ezoHumidity,sending data,2024-04-18T00:28:39.339720-04:00,April
6620a1cb9a8cdfbc2b7d2189,ezoTemperature,sending data,2024-04-18T00:30:03.006692-04:00,April
6620a2239a8cdfbc2b7d229d,ezoHumidity,sending data,2024-04-18T00:31:31.638207-04:00,April
6620a2779a8cdfbc2b7d23af,ezoColor,sending data,2024-04-18T00:32:55.305760-04:00,April
6620a2cb9a8cdfbc2b7d24c1,ezoConductivity,sending data,2024-04-18T00:34:19.116195-04:00,April
6620a3239a8cdfbc2b7d25d5,ezoColor,sending data,2024-04-18T00:35:47.722645-04:00,April
6620a3779a8cdfbc2b7d26e7,ezoConductivity,sending data,2024-04-18T00:37:11.422469-04:00,April
6620a3d09a8cdfbc2b7d27fb,ezoColor,sending data,2024-04-18T00:38:40.030130-04:00,April
6620a4239a8cdfbc2b7d290d,ezoConductivity,sending data,2024-04-18T00:40:03.712174-04:00,April
6620a47c9a8cdfbc2b7d2a21,ezoHumidity,sending data,2024-04-18T00:41:32.329134-04:00,April
6620a4cf9a8cdfbc2b7d2b33,ezoCO2,sending data,2024-04-18T00:42:55.999086-04:00,April
6620a5289a8cdfbc2b7d2c47,ezoHumidity,sending data,2024-04-18T00:44:24.637308-04:00,April
6620a57c9a8cdfbc2b7d2d59,ezoTemperature,sending data,2024-04-18T00:45:48.299360-04:00,April
6620a5d49a8cdfbc2b7d2e6d,ezoHumidity,sending data,2024-04-18T00:47:16.924907-04:00,April
6620a6289a8cdfbc2b7d2f7f,ezoColor,sending data,2024-04-18T00:48:40.592905-04:00,April
6620a67c9a8cdfbc2b7d3091,ezoConductivity,sending data,2024-04-18T00:50:04.410990-04:00,April
6620a6d59a8cdfbc2b7d31a5,ezoColor,sending data,2024-04-18T00:51:33.017326-04:00,April
6620a7289a8cdfbc2b7d32b7,ezoConductivity,sending data,2024-04-18T00:52:56.705225-04:00,April
6620a7819a8cdfbc2b7d33cb,ezoColor,sending data,2024-04-18T00:54:25.321595-04:00,April
6620a7d49a8cdfbc2b7d34dd,ezoConductivity,sending data,2024-04-18T00:55:48.999670-04:00,April
6620a82d9a8cdfbc2b7d35f1,ezoHumidity,sending data,2024-04-18T00:57:17.613888-04:00,April
6620a8819a8cdfbc2b7d3703,ezoCO2,sending data,2024-04-18T00:58:41.281009-04:00,April
6620a8d99a8cdfbc2b7d3817,ezoHumidity,sending data,2024-04-18T01:00:09.902696-04:00,April
6620a92d9a8cdfbc2b7d3929,ezoTemperature,sending data,2024-04-18T01:01:33.570147-04:00,April
6620a9869a8cdfbc2b7d3a3d,ezoHumidity,sending data,2024-04-18T01:03:02.204213-04:00,April
6620a9d99a8cdfbc2b7d3b4f,ezoColor,sending data,2024-04-18T01:04:25.871489-04:00,April
6620aa2d9a8cdfbc2b7d3c61,ezoConductivity,sending data,2024-04-18T01:05:49.685554-04:00,April
6620aa869a8cdfbc2b7d3d75,ezoColor,sending data,2024-04-18T01:07:18.301836-04:00,April
6620aad99a8cdfbc2b7d3e87,ezoConductivity,sending data,2024-04-18T01:08:41.992814-04:00,April
6620ab329a8cdfbc2b7d3f9b,ezoColor,sending data,2024-04-18T01:10:10.599923-04:00,April
6620ab869a8cdfbc2b7d40ad,ezoConductivity,sending data,2024-04-18T01:11:34.281635-04:00,April
6620abde9a8cdfbc2b7d41c1,ezoHumidity,sending data,2024-04-18T01:13:02.904437-04:00,April
6620ac329a8cdfbc2b7d42d3,ezoCO2,sending data,2024-04-18T01:14:26.573056-04:00,April
6620ac8b9a8cdfbc2b7d43e7,ezoHumidity,sending data,2024-04-18T01:15:55.203720-04:00,April
6620acde9a8cdfbc2b7d44f9,ezoTemperature,sending data,2024-04-18T01:17:18.871851-04:00,April
6620ad379a8cdfbc2b7d460d,ezoHumidity,sending data,2024-04-18T01:18:47.600895-04:00,April
6620ad8b9a8cdfbc2b7d471f,ezoColor,sending data,2024-04-18T01:20:11.175842-04:00,April
6620adde9a8cdfbc2b7d4831,ezoConductivity,sending data,2024-04-18T01:21:34.988433-04:00,April
6620ae379a8cdfbc2b7d4945,ezoColor,sending data,2024-04-18T01:23:03.603135-04:00,April
6620ae8b9a8cdfbc2b7d4a57,ezoConductivity,sending data,2024-04-18T01:24:27.293417-04:00,April
6620aee39a8cdfbc2b7d4b6b,ezoColor,sending data,2024-04-18T01:25:55.902977-04:00,April
6620af379a8cdfbc2b7d4c7d,ezoConductivity,sending data,2024-04-18T01:27:19.582612-04:00,April
6620af909a8cdfbc2b7d4d91,ezoHumidity,sending data,2024-04-18T01:28:48.199170-04:00,April
6620afe39a8cdfbc2b7d4ea3,ezoCO2,sending data,2024-04-18T01:30:11.868257-04:00,April
6620b03c9a8cdfbc2b7d4fb7,ezoHumidity,sending data,2024-04-18T01:31:40.499708-04:00,April
6620b0909a8cdfbc2b7d50c9,ezoTemperature,sending data,2024-04-18T01:33:04.167850-04:00,April
6620b0e89a8cdfbc2b7d51dd,ezoHumidity,sending data,2024-04-18T01:34:32.801005-04:00,April
6620b13c9a8cdfbc2b7d52ef,ezoColor,sending data,2024-04-18T01:35:56.479878-04:00,April
6620b1909a8cdfbc2b7d5401,ezoConductivity,sending data,2024-04-18T01:37:20.275234-04:00,April
6620b1e89a8cdfbc2b7d5515,ezoColor,sending data,2024-04-18T01:38:48.886415-04:00,April
6620b23c9a8cdfbc2b7d5627,ezoConductivity,sending data,2024-04-18T01:40:12.593745-04:00,April
6620b2959a8cdfbc2b7d573b,ezoColor,sending data,2024-04-18T01:41:41.185486-04:00,April
6620b2e89a8cdfbc2b7d584d,ezoConductivity,sending data,2024-04-18T01:43:04.864617-04:00,April
6620b3419a8cdfbc2b7d5961,ezoHumidity,sending data,2024-04-18T01:44:33.478359-04:00,April
6620b3959a8cdfbc2b7d5a73,ezoCO2,sending data,2024-04-18T01:45:57.141430-04:00,April
6620b3ed9a8cdfbc2b7d5b87,ezoHumidity,sending data,2024-04-18T01:47:25.772182-04:00,April
6620b4419a8cdfbc2b7d5c99,ezoTemperature,sending data,2024-04-18T01:48:49.431232-04:00,April
6620b49a9a8cdfbc2b7d5dad,ezoHumidity,sending data,2024-04-18T01:50:18.057136-04:00,April
6620b4ed9a8cdfbc2b7d5ebf,ezoColor,sending data,2024-04-18T01:51:41.725676-04:00,April
6620b5419a8cdfbc2b7d5fd1,ezoConductivity,sending data,2024-04-18T01:53:05.532281-04:00,April
6620b59a9a8cdfbc2b7d60e5,ezoColor,sending data,2024-04-18T01:54:34.142185-04:00,April
6620b5ed9a8cdfbc2b7d61f7,ezoConductivity,sending data,2024-04-18T01:55:57.837785-04:00,April
6620b6469a8cdfbc2b7d630b,ezoColor,sending data,2024-04-18T01:57:26.451183-04:00,April
6620b69a9a8cdfbc2b7d641d,ezoConductivity,sending data,2024-04-18T01:58:50.127796-04:00,April
6620b6f29a8cdfbc2b7d6531,ezoHumidity,sending data,2024-04-18T02:00:18.745067-04:00,April
6620b7469a8cdfbc2b7d6643,ezoCO2,sending data,2024-04-18T02:01:42.410559-04:00,April
6620b79f9a8cdfbc2b7d6757,ezoHumidity,sending data,2024-04-18T02:03:11.041752-04:00,April
6620b7f29a8cdfbc2b7d6869,ezoTemperature,sending data,2024-04-18T02:04:34.703695-04:00,April
6620b84b9a8cdfbc2b7d697d,ezoHumidity,sending data,2024-04-18T02:06:03.337548-04:00,April
6620b89f9a8cdfbc2b7d6a8f,ezoColor,sending data,2024-04-18T02:07:27.002701-04:00,April
6620b8f29a8cdfbc2b7d6ba1,ezoConductivity,sending data,2024-04-18T02:08:50.811139-04:00,April
6620b94b9a8cdfbc2b7d6cb5,ezoColor,sending data,2024-04-18T02:10:19.426830-04:00,April
6620b99f9a8cdfbc2b7d6dc7,ezoConductivity,sending data,2024-04-18T02:11:43.117721-04:00,April
6620b9f79a8cdfbc2b7d6edb,ezoColor,sending data,2024-04-18T02:13:11.729811-04:00,April
6620ba4b9a8cdfbc2b7d6fed,ezoConductivity,sending data,2024-04-18T02:14:35.413550-04:00,April
6620baa49a8cdfbc2b7d7101,ezoHumidity,sending data,2024-04-18T02:16:04.028332-04:00,April
6620baf79a8cdfbc2b7d7213,ezoCO2,sending data,2024-04-18T02:17:27.695208-04:00,April
6620bb509a8cdfbc2b7d7327,ezoHumidity,sending data,2024-04-18T02:18:56.327302-04:00,April
6620bba39a8cdfbc2b7d7439,ezoTemperature,sending data,2024-04-18T02:20:19.986279-04:00,April
6620bbfc9a8cdfbc2b7d754d,ezoHumidity,sending data,2024-04-18T02:21:48.756048-04:00,April
6620bc509a8cdfbc2b7d765f,ezoColor,sending data,2024-04-18T02:23:12.291113-04:00,April
6620bca49a8cdfbc2b7d7771,ezoConductivity,sending data,2024-04-18T02:24:36.098251-04:00,April
6620bcfc9a8cdfbc2b7d7885,ezoColor,sending data,2024-04-18T02:26:04.706258-04:00,April
6620bd509a8cdfbc2b7d7997,ezoConductivity,sending data,2024-04-18T02:27:28.395572-04:00,April
6620bda99a8cdfbc2b7d7aab,ezoColor,sending data,2024-04-18T02:28:57.004241-04:00,April
6620bdfc9a8cdfbc2b7d7bbd,ezoConductivity,sending data,2024-04-18T02:30:20.684210-04:00,April
6620be559a8cdfbc2b7d7cd1,ezoHumidity,sending data,2024-04-18T02:31:49.299679-04:00,April
6620bea89a8cdfbc2b7d7de3,ezoCO2,sending data,2024-04-18T02:33:12.984032-04:00,April
6620bf019a8cdfbc2b7d7ef7,ezoHumidity,sending data,2024-04-18T02:34:41.607830-04:00,April
6620bf559a8cdfbc2b7d8009,ezoTemperature,sending data,2024-04-18T02:36:05.273181-04:00,April
6620bfad9a8cdfbc2b7d811d,ezoHumidity,sending data,2024-04-18T02:37:33.905186-04:00,April
6620c0019a8cdfbc2b7d822f,ezoColor,sending data,2024-04-18T02:38:57.578976-04:00,April
6620c0559a8cdfbc2b7d8341,ezoConductivity,sending data,2024-04-18T02:40:21.382397-04:00,April
6620c0ad9a8cdfbc2b7d8455,ezoColor,sending data,2024-04-18T02:41:49.986708-04:00,April
6620c1019a8cdfbc2b7d8567,ezoConductivity,sending data,2024-04-18T02:43:13.680038-04:00,April
6620c15a9a8cdfbc2b7d867b,ezoColor,sending data,2024-04-18T02:44:42.290374-04:00,April
6620c1ad9a8cdfbc2b7d878d,ezoConductivity,sending data,2024-04-18T02:46:05.971743-04:00,April
6620c2069a8cdfbc2b7d88a1,ezoHumidity,sending data,2024-04-18T02:47:34.589521-04:00,April
6620c25a9a8cdfbc2b7d89b3,ezoCO2,sending data,2024-04-18T02:48:58.267153-04:00,April
6620c2b29a8cdfbc2b7d8ac7,ezoHumidity,sending data,2024-04-18T02:50:26.887175-04:00,April
6620c3069a8cdfbc2b7d8bd9,ezoTemperature,sending data,2024-04-18T02:51:50.548800-04:00,April
6620c35f9a8cdfbc2b7d8ced,ezoHumidity,sending data,2024-04-18T02:53:19.188017-04:00,April
6620c3b29a8cdfbc2b7d8dff,ezoColor,sending data,2024-04-18T02:54:42.852938-04:00,April
6620c4069a8cdfbc2b7d8f11,ezoConductivity,sending data,2024-04-18T02:56:06.660052-04:00,April
6620c45f9a8cdfbc2b7d9025,ezoColor,sending data,2024-04-18T02:57:35.272298-04:00,April
6620c4b29a8cdfbc2b7d9137,ezoConductivity,sending data,2024-04-18T02:58:58.960564-04:00,April
6620c50b9a8cdfbc2b7d924b,ezoColor,sending data,2024-04-18T03:00:27.570394-04:00,April
6620c55f9a8cdfbc2b7d935d,ezoConductivity,sending data,2024-04-18T03:01:51.252173-04:00,April
6620c5b79a8cdfbc2b7d9471,ezoHumidity,sending data,2024-04-18T03:03:19.867217-04:00,April
6620c60b9a8cdfbc2b7d9583,ezoCO2,sending data,2024-04-18T03:04:43.525953-04:00,April
6620c6649a8cdfbc2b7d9697,ezoHumidity,sending data,2024-04-18T03:06:12.166268-04:00,April
6620c6b79a8cdfbc2b7d97a9,ezoTemperature,sending data,2024-04-18T03:07:35.833255-04:00,April
6620c7109a8cdfbc2b7d98bd,ezoHumidity,sending data,2024-04-18T03:09:04.468747-04:00,April
6620c7649a8cdfbc2b7d99cf,ezoColor,sending data,2024-04-18T03:10:28.136430-04:00,April
6620c7b79a8cdfbc2b7d9ae1,ezoConductivity,sending data,2024-04-18T03:11:51.948672-04:00,April
6620c8109a8cdfbc2b7d9bf5,ezoColor,sending data,2024-04-18T03:13:20.563304-04:00,April
6620c8649a8cdfbc2b7d9d07,ezoConductivity,sending data,2024-04-18T03:14:44.255743-04:00,April
6620c8bc9a8cdfbc2b7d9e1b,ezoColor,sending data,2024-04-18T03:16:12.863388-04:00,April
6620c9109a8cdfbc2b7d9f2d,ezoConductivity,sending data,2024-04-18T03:17:36.547928-04:00,April
6620c9699a8cdfbc2b7da041,ezoHumidity,sending data,2024-04-18T03:19:05.161945-04:00,April
6620c9bc9a8cdfbc2b7da153,ezoCO2,sending data,2024-04-18T03:20:28.830109-04:00,April
6620ca159a8cdfbc2b7da267,ezoHumidity,sending data,2024-04-18T03:21:57.463396-04:00,April
6620ca699a8cdfbc2b7da379,ezoTemperature,sending data,2024-04-18T03:23:21.119950-04:00,April
6620cac19a8cdfbc2b7da48d,ezoHumidity,sending data,2024-04-18T03:24:49.913412-04:00,April
6620cb159a8cdfbc2b7da59f,ezoColor,sending data,2024-04-18T03:26:13.427559-04:00,April
6620cb699a8cdfbc2b7da6b1,ezoConductivity,sending data,2024-04-18T03:27:37.229047-04:00,April
6620cbc19a8cdfbc2b7da7c5,ezoColor,sending data,2024-04-18T03:29:05.841556-04:00,April
6620cc159a8cdfbc2b7da8d7,ezoConductivity,sending data,2024-04-18T03:30:29.525827-04:00,April
6620cc6e9a8cdfbc2b7da9eb,ezoColor,sending data,2024-04-18T03:31:58.134599-04:00,April
6620ccc19a8cdfbc2b7daafd,ezoConductivity,sending data,2024-04-18T03:33:21.816617-04:00,April
6620cd1a9a8cdfbc2b7dac11,ezoHumidity,sending data,2024-04-18T03:34:50.429420-04:00,April
6620cd6e9a8cdfbc2b7dad23,ezoCO2,sending data,2024-04-18T03:36:14.101057-04:00,April
6620cdc69a8cdfbc2b7dae37,ezoHumidity,sending data,2024-04-18T03:37:42.735219-04:00,April
6620ce1a9a8cdfbc2b7daf49,ezoTemperature,sending data,2024-04-18T03:39:06.401848-04:00,April
6620ce739a8cdfbc2b7db05d,ezoHumidity,sending data,2024-04-18T03:40:35.034254-04:00,April
6620cec69a8cdfbc2b7db16f,ezoColor,sending data,2024-04-18T03:41:58.701195-04:00,April
6620cf1a9a8cdfbc2b7db281,ezoConductivity,sending data,2024-04-18T03:43:22.507231-04:00,April
6620cf739a8cdfbc2b7db395,ezoColor,sending data,2024-04-18T03:44:51.117886-04:00,April
6620cfc69a8cdfbc2b7db4a7,ezoConductivity,sending data,2024-04-18T03:46:14.812583-04:00,April
6620d01f9a8cdfbc2b7db5bb,ezoColor,sending data,2024-04-18T03:47:43.423199-04:00,April
6620d0739a8cdfbc2b7db6cd,ezoConductivity,sending data,2024-04-18T03:49:07.105008-04:00,April
6620d0cb9a8cdfbc2b7db7e1,ezoHumidity,sending data,2024-04-18T03:50:35.720006-04:00,April
6620d11f9a8cdfbc2b7db8f3,ezoCO2,sending data,2024-04-18T03:51:59.385113-04:00,April
6620d1789a8cdfbc2b7dba07,ezoHumidity,sending data,2024-04-18T03:53:28.020379-04:00,April
6620d1cb9a8cdfbc2b7dbb19,ezoTemperature,sending data,2024-04-18T03:54:51.686461-04:00,April
6620d2249a8cdfbc2b7dbc2d,ezoHumidity,sending data,2024-04-18T03:56:20.320652-04:00,April
6620d2779a8cdfbc2b7dbd3f,ezoColor,sending data,2024-04-18T03:57:43.990477-04:00,April
6620d2cb9a8cdfbc2b7dbe51,ezoConductivity,sending data,2024-04-18T03:59:07.801318-04:00,April
6620d3249a8cdfbc2b7dbf65,ezoColor,sending data,2024-04-18T04:00:36.410212-04:00,April
6620d3789a8cdfbc2b7dc077,ezoConductivity,sending data,2024-04-18T04:02:00.099205-04:00,April
6620d3d09a8cdfbc2b7dc18b,ezoColor,sending data,2024-04-18T04:03:28.705956-04:00,April
6620d4249a8cdfbc2b7dc29d,ezoConductivity,sending data,2024-04-18T04:04:52.386649-04:00,April
6620d47c9a8cdfbc2b7dc3b1,ezoHumidity,sending data,2024-04-18T04:06:20.997467-04:00,April
6620d4d09a8cdfbc2b7dc4c3,ezoCO2,sending data,2024-04-18T04:07:44.666410-04:00,April
6620d5299a8cdfbc2b7dc5d7,ezoHumidity,sending data,2024-04-18T04:09:13.298485-04:00,April
6620d57c9a8cdfbc2b7dc6e9,ezoTemperature,sending data,2024-04-18T04:10:36.956183-04:00,April
6620d5d59a8cdfbc2b7dc7fd,ezoHumidity,sending data,2024-04-18T04:12:05.594177-04:00,April
6620d6299a8cdfbc2b7dc90f,ezoColor,sending data,2024-04-18T04:13:29.264115-04:00,April
6620d67d9a8cdfbc2b7dca21,ezoConductivity,sending data,2024-04-18T04:14:53.071747-04:00,April
6620d6d59a8cdfbc2b7dcb35,ezoColor,sending data,2024-04-18T04:16:21.682812-04:00,April
6620d7299a8cdfbc2b7dcc47,ezoConductivity,sending data,2024-04-18T04:17:45.373776-04:00,April
6620d7819a8cdfbc2b7dcd5b,ezoColor,sending data,2024-04-18T04:19:13.982710-04:00,April
6620d7d59a8cdfbc2b7dce6d,ezoConductivity,sending data,2024-04-18T04:20:37.667918-04:00,April
6620d82e9a8cdfbc2b7dcf81,ezoHumidity,sending data,2024-04-18T04:22:06.282120-04:00,April
6620d8819a8cdfbc2b7dd093,ezoCO2,sending data,2024-04-18T04:23:29.948550-04:00,April
6620d8da9a8cdfbc2b7dd1a7,ezoHumidity,sending data,2024-04-18T04:24:58.584452-04:00,April
6620d92e9a8cdfbc2b7dd2b9,ezoTemperature,sending data,2024-04-18T04:26:22.249152-04:00,April
6620d9869a8cdfbc2b7dd3cd,ezoHumidity,sending data,2024-04-18T04:27:50.963475-04:00,April
6620d9da9a8cdfbc2b7dd4df,ezoColor,sending data,2024-04-18T04:29:14.553605-04:00,April
6620da2e9a8cdfbc2b7dd5f1,ezoConductivity,sending data,2024-04-18T04:30:38.362320-04:00,April
6620da869a8cdfbc2b7dd705,ezoColor,sending data,2024-04-18T04:32:06.974603-04:00,April
6620dada9a8cdfbc2b7dd817,ezoConductivity,sending data,2024-04-18T04:33:30.743050-04:00,April
6620db339a8cdfbc2b7dd92b,ezoColor,sending data,2024-04-18T04:34:59.272542-04:00,April
6620db869a8cdfbc2b7dda3d,ezoConductivity,sending data,2024-04-18T04:36:22.952874-04:00,April
6620dbdf9a8cdfbc2b7ddb51,ezoHumidity,sending data,2024-04-18T04:37:51.567867-04:00,April
6620dc339a8cdfbc2b7ddc63,ezoCO2,sending data,2024-04-18T04:39:15.236388-04:00,April
6620dc8b9a8cdfbc2b7ddd77,ezoHumidity,sending data,2024-04-18T04:40:43.870868-04:00,April
6620dcdf9a8cdfbc2b7dde89,ezoTemperature,sending data,2024-04-18T04:42:07.537440-04:00,April
6620dd389a8cdfbc2b7ddf9d,ezoHumidity,sending data,2024-04-18T04:43:36.171389-04:00,April
6620dd8b9a8cdfbc2b7de0af,ezoColor,sending data,2024-04-18T04:44:59.836277-04:00,April
6620dddf9a8cdfbc2b7de1c1,ezoConductivity,sending data,2024-04-18T04:46:23.640447-04:00,April
6620de389a8cdfbc2b7de2d5,ezoColor,sending data,2024-04-18T04:47:52.252875-04:00,April
6620de8b9a8cdfbc2b7de3e7,ezoConductivity,sending data,2024-04-18T04:49:15.941717-04:00,April
6620dee49a8cdfbc2b7de4fb,ezoColor,sending data,2024-04-18T04:50:44.550008-04:00,April
6620df389a8cdfbc2b7de60d,ezoConductivity,sending data,2024-04-18T04:52:08.223103-04:00,April
6620df909a8cdfbc2b7de721,ezoHumidity,sending data,2024-04-18T04:53:36.838858-04:00,April
6620dfe49a8cdfbc2b7de833,ezoCO2,sending data,2024-04-18T04:55:00.506533-04:00,April
6620e03d9a8cdfbc2b7de947,ezoHumidity,sending data,2024-04-18T04:56:29.134431-04:00,April
6620e0909a8cdfbc2b7dea59,ezoTemperature,sending data,2024-04-18T04:57:52.795756-04:00,April
6620e0e99a8cdfbc2b7deb6d,ezoHumidity,sending data,2024-04-18T04:59:21.432049-04:00,April
6620e13d9a8cdfbc2b7dec7f,ezoColor,sending data,2024-04-18T05:00:45.102809-04:00,April
6620e1909a8cdfbc2b7ded91,ezoConductivity,sending data,2024-04-18T05:02:08.904123-04:00,April
6620e1e99a8cdfbc2b7deea5,ezoColor,sending data,2024-04-18T05:03:37.525946-04:00,April
6620e23d9a8cdfbc2b7defb7,ezoConductivity,sending data,2024-04-18T05:05:01.216266-04:00,April
6620e2959a8cdfbc2b7df0cb,ezoColor,sending data,2024-04-18T05:06:29.825610-04:00,April
6620e2e99a8cdfbc2b7df1dd,ezoConductivity,sending data,2024-04-18T05:07:53.507759-04:00,April
6620e3429a8cdfbc2b7df2f1,ezoHumidity,sending data,2024-04-18T05:09:22.123123-04:00,April
6620e3959a8cdfbc2b7df403,ezoCO2,sending data,2024-04-18T05:10:45.790540-04:00,April
6620e3ee9a8cdfbc2b7df517,ezoHumidity,sending data,2024-04-18T05:12:14.424176-04:00,April
6620e4429a8cdfbc2b7df629,ezoTemperature,sending data,2024-04-18T05:13:38.090635-04:00,April
6620e49a9a8cdfbc2b7df73d,ezoHumidity,sending data,2024-04-18T05:15:06.727660-04:00,April
6620e4ee9a8cdfbc2b7df84f,ezoColor,sending data,2024-04-18T05:16:30.393765-04:00,April
6620e5429a8cdfbc2b7df961,ezoConductivity,sending data,2024-04-18T05:17:54.204451-04:00,April
6620e59a9a8cdfbc2b7dfa75,ezoColor,sending data,2024-04-18T05:19:22.813136-04:00,April
6620e5ee9a8cdfbc2b7dfb87,ezoConductivity,sending data,2024-04-18T05:20:46.500407-04:00,April
6620e6479a8cdfbc2b7dfc9b,ezoColor,sending data,2024-04-18T05:22:15.107225-04:00,April
6620e69a9a8cdfbc2b7dfdad,ezoConductivity,sending data,2024-04-18T05:23:38.785987-04:00,April
6620e6f39a8cdfbc2b7dfec1,ezoHumidity,sending data,2024-04-18T05:25:07.402036-04:00,April
6620e7479a8cdfbc2b7dffd3,ezoCO2,sending data,2024-04-18T05:26:31.063264-04:00,April
6620e79f9a8cdfbc2b7e00e7,ezoHumidity,sending data,2024-04-18T05:27:59.685839-04:00,April
6620e7f39a8cdfbc2b7e01f9,ezoTemperature,sending data,2024-04-18T05:29:23.350827-04:00,April
6620e84c9a8cdfbc2b7e030d,ezoHumidity,sending data,2024-04-18T05:30:52.118470-04:00,April
6620e89f9a8cdfbc2b7e041f,ezoColor,sending data,2024-04-18T05:32:15.651970-04:00,April
6620e8f39a8cdfbc2b7e0531,ezoConductivity,sending data,2024-04-18T05:33:39.458942-04:00,April
6620e94c9a8cdfbc2b7e0645,ezoColor,sending data,2024-04-18T05:35:08.071901-04:00,April
6620e99f9a8cdfbc2b7e0757,ezoConductivity,sending data,2024-04-18T05:36:31.760502-04:00,April
6620e9f89a8cdfbc2b7e086b,ezoColor,sending data,2024-04-18T05:38:00.369442-04:00,April
6620ea4c9a8cdfbc2b7e097d,ezoConductivity,sending data,2024-04-18T05:39:24.054080-04:00,April
6620eaa49a8cdfbc2b7e0a91,ezoHumidity,sending data,2024-04-18T05:40:52.660821-04:00,April
6620eaf89a8cdfbc2b7e0ba3,ezoCO2,sending data,2024-04-18T05:42:16.324604-04:00,April
6620eb509a8cdfbc2b7e0cb7,ezoHumidity,sending data,2024-04-18T05:43:44.957398-04:00,April
6620eba49a8cdfbc2b7e0dc9,ezoTemperature,sending data,2024-04-18T05:45:08.620322-04:00,April
6620ebfd9a8cdfbc2b7e0edd,ezoHumidity,sending data,2024-04-18T05:46:37.254835-04:00,April
6620ec509a8cdfbc2b7e0fef,ezoColor,sending data,2024-04-18T05:48:00.921165-04:00,April
6620eca49a8cdfbc2b7e1101,ezoConductivity,sending data,2024-04-18T05:49:24.730081-04:00,April
6620ecfd9a8cdfbc2b7e1215,ezoColor,sending data,2024-04-18T05:50:53.340866-04:00,April
6620ed519a8cdfbc2b7e1327,ezoConductivity,sending data,2024-04-18T05:52:17.029276-04:00,April
6620eda99a8cdfbc2b7e143b,ezoColor,sending data,2024-04-18T05:53:45.638568-04:00,April
6620edfd9a8cdfbc2b7e154d,ezoConductivity,sending data,2024-04-18T05:55:09.321747-04:00,April
6620ee559a8cdfbc2b7e1661,ezoHumidity,sending data,2024-04-18T05:56:37.940222-04:00,April
6620eea99a8cdfbc2b7e1773,ezoCO2,sending data,2024-04-18T05:58:01.606718-04:00,April
6620ef029a8cdfbc2b7e1887,ezoHumidity,sending data,2024-04-18T05:59:30.234104-04:00,April
6620ef559a8cdfbc2b7e1999,ezoTemperature,sending data,2024-04-18T06:00:53.900207-04:00,April
6620efae9a8cdfbc2b7e1aad,ezoHumidity,sending data,2024-04-18T06:02:22.536182-04:00,April
6620f0029a8cdfbc2b7e1bbf,ezoColor,sending data,2024-04-18T06:03:46.204502-04:00,April
6620f0569a8cdfbc2b7e1cd1,ezoConductivity,sending data,2024-04-18T06:05:10.009548-04:00,April
6620f0ae9a8cdfbc2b7e1de5,ezoColor,sending data,2024-04-18T06:06:38.622323-04:00,April
6620f1029a8cdfbc2b7e1ef7,ezoConductivity,sending data,2024-04-18T06:08:02.309860-04:00,April
6620f15a9a8cdfbc2b7e200b,ezoColor,sending data,2024-04-18T06:09:30.918421-04:00,April
6620f1ae9a8cdfbc2b7e211d,ezoConductivity,sending data,2024-04-18T06:10:54.598874-04:00,April
6620f2079a8cdfbc2b7e2231,ezoHumidity,sending data,2024-04-18T06:12:23.214517-04:00,April
6620f25a9a8cdfbc2b7e2343,ezoCO2,sending data,2024-04-18T06:13:46.885555-04:00,April
6620f2b39a8cdfbc2b7e2457,ezoHumidity,sending data,2024-04-18T06:15:15.508118-04:00,April
6620f3079a8cdfbc2b7e2569,ezoTemperature,sending data,2024-04-18T06:16:39.174460-04:00,April
6620f35f9a8cdfbc2b7e267d,ezoHumidity,sending data,2024-04-18T06:18:07.815311-04:00,April
6620f3b39a8cdfbc2b7e278f,ezoColor,sending data,2024-04-18T06:19:31.477499-04:00,April
6620f4079a8cdfbc2b7e28a1,ezoConductivity,sending data,2024-04-18T06:20:55.348179-04:00,April
6620f45f9a8cdfbc2b7e29b5,ezoColor,sending data,2024-04-18T06:22:23.901903-04:00,April
6620f4b39a8cdfbc2b7e2ac7,ezoConductivity,sending data,2024-04-18T06:23:47.590919-04:00,April
6620f50c9a8cdfbc2b7e2bdb,ezoColor,sending data,2024-04-18T06:25:16.206024-04:00,April
6620f55f9a8cdfbc2b7e2ced,ezoConductivity,sending data,2024-04-18T06:26:39.887353-04:00,April
6620f5b89a8cdfbc2b7e2e01,ezoHumidity,sending data,2024-04-18T06:28:08.500619-04:00,April
6620f60c9a8cdfbc2b7e2f13,ezoCO2,sending data,2024-04-18T06:29:32.167686-04:00,April
6620f6649a8cdfbc2b7e3027,ezoHumidity,sending data,2024-04-18T06:31:00.798587-04:00,April
6620f6b89a8cdfbc2b7e3139,ezoTemperature,sending data,2024-04-18T06:32:24.466470-04:00,April
6620f7119a8cdfbc2b7e324d,ezoHumidity,sending data,2024-04-18T06:33:53.171308-04:00,April
6620f7649a8cdfbc2b7e335f,ezoColor,sending data,2024-04-18T06:35:16.767662-04:00,April
6620f7b89a8cdfbc2b7e3471,ezoConductivity,sending data,2024-04-18T06:36:40.577508-04:00,April
6620f8119a8cdfbc2b7e3585,ezoColor,sending data,2024-04-18T06:38:09.190736-04:00,April
6620f8649a8cdfbc2b7e3697,ezoConductivity,sending data,2024-04-18T06:39:32.881280-04:00,April
6620f8bd9a8cdfbc2b7e37ab,ezoColor,sending data,2024-04-18T06:41:01.491981-04:00,April
6620f9119a8cdfbc2b7e38bd,ezoConductivity,sending data,2024-04-18T06:42:25.179271-04:00,April
6620f9699a8cdfbc2b7e39d1,ezoHumidity,sending data,2024-04-18T06:43:53.776074-04:00,April
6620f9bd9a8cdfbc2b7e3ae3,ezoCO2,sending data,2024-04-18T06:45:17.446798-04:00,April
6620fa169a8cdfbc2b7e3bf7,ezoHumidity,sending data,2024-04-18T06:46:46.082221-04:00,April
6620fa699a8cdfbc2b7e3d09,ezoTemperature,sending data,2024-04-18T06:48:09.746954-04:00,April
6620fac29a8cdfbc2b7e3e1d,ezoHumidity,sending data,2024-04-18T06:49:38.380055-04:00,April
6620fb169a8cdfbc2b7e3f2f,ezoColor,sending data,2024-04-18T06:51:02.050528-04:00,April
6620fb699a8cdfbc2b7e4041,ezoConductivity,sending data,2024-04-18T06:52:25.858137-04:00,April
6620fbc29a8cdfbc2b7e4155,ezoColor,sending data,2024-04-18T06:53:54.470453-04:00,April
6620fc169a8cdfbc2b7e4267,ezoConductivity,sending data,2024-04-18T06:55:18.161701-04:00,April
6620fc6e9a8cdfbc2b7e437b,ezoColor,sending data,2024-04-18T06:56:46.770688-04:00,April
6620fcc29a8cdfbc2b7e448d,ezoConductivity,sending data,2024-04-18T06:58:10.451646-04:00,April
6620fd1b9a8cdfbc2b7e45a1,ezoHumidity,sending data,2024-04-18T06:59:39.065140-04:00,April
6620fd6e9a8cdfbc2b7e46b3,ezoCO2,sending data,2024-04-18T07:01:02.729691-04:00,April
6620fdc79a8cdfbc2b7e47c7,ezoHumidity,sending data,2024-04-18T07:02:31.361359-04:00,April
6620fe1b9a8cdfbc2b7e48d9,ezoTemperature,sending data,2024-04-18T07:03:55.028219-04:00,April
6620fe759a8cdfbc2b7e49ed,ezoHumidity,sending data,2024-04-18T07:05:25.028896-04:00,April
6620fec79a8cdfbc2b7e4aff,ezoColor,sending data,2024-04-18T07:06:47.332897-04:00,April
6620ff1b9a8cdfbc2b7e4c11,ezoConductivity,sending data,2024-04-18T07:08:11.140520-04:00,April
6620ff739a8cdfbc2b7e4d25,ezoColor,sending data,2024-04-18T07:09:39.791360-04:00,April
6620ffc79a8cdfbc2b7e4e37,ezoConductivity,sending data,2024-04-18T07:11:03.647362-04:00,April
662100209a8cdfbc2b7e4f4b,ezoColor,sending data,2024-04-18T07:12:32.405793-04:00,April
662100749a8cdfbc2b7e505d,ezoConductivity,sending data,2024-04-18T07:13:56.255363-04:00,April
662100cd9a8cdfbc2b7e5171,ezoHumidity,sending data,2024-04-18T07:15:25.020603-04:00,April
662101209a8cdfbc2b7e5283,ezoCO2,sending data,2024-04-18T07:16:48.851200-04:00,April
662101799a8cdfbc2b7e5397,ezoHumidity,sending data,2024-04-18T07:18:17.642235-04:00,April
662101cd9a8cdfbc2b7e54a9,ezoTemperature,sending data,2024-04-18T07:19:41.471605-04:00,April
662102269a8cdfbc2b7e55bd,ezoHumidity,sending data,2024-04-18T07:21:10.262158-04:00,April
6621027a9a8cdfbc2b7e56cf,ezoColor,sending data,2024-04-18T07:22:34.081138-04:00,April
662102ce9a8cdfbc2b7e57e1,ezoConductivity,sending data,2024-04-18T07:23:58.115018-04:00,April
662103269a8cdfbc2b7e58f5,ezoColor,sending data,2024-04-18T07:25:26.871773-04:00,April
6621037a9a8cdfbc2b7e5a07,ezoConductivity,sending data,2024-04-18T07:26:50.725735-04:00,April
662103d39a8cdfbc2b7e5b1b,ezoColor,sending data,2024-04-18T07:28:19.488651-04:00,April
662104279a8cdfbc2b7e5c2d,ezoConductivity,sending data,2024-04-18T07:29:43.321686-04:00,April
662104809a8cdfbc2b7e5d41,ezoHumidity,sending data,2024-04-18T07:31:12.090072-04:00,April
662104d39a8cdfbc2b7e5e53,ezoCO2,sending data,2024-04-18T07:32:35.921425-04:00,April
6621052c9a8cdfbc2b7e5f67,ezoHumidity,sending data,2024-04-18T07:34:04.709887-04:00,April
662105809a8cdfbc2b7e6079,ezoTemperature,sending data,2024-04-18T07:35:28.536658-04:00,April
662105d99a8cdfbc2b7e618d,ezoHumidity,sending data,2024-04-18T07:36:57.500846-04:00,April
6621062d9a8cdfbc2b7e629f,ezoColor,sending data,2024-04-18T07:38:21.151443-04:00,April
662106819a8cdfbc2b7e63b1,ezoConductivity,sending data,2024-04-18T07:39:45.134432-04:00,April
662106d99a8cdfbc2b7e64c5,ezoColor,sending data,2024-04-18T07:41:13.896099-04:00,April
6621072d9a8cdfbc2b7e65d7,ezoConductivity,sending data,2024-04-18T07:42:37.753790-04:00,April
662107869a8cdfbc2b7e66eb,ezoColor,sending data,2024-04-18T07:44:06.518931-04:00,April
662107da9a8cdfbc2b7e67fd,ezoConductivity,sending data,2024-04-18T07:45:30.366718-04:00,April
662108339a8cdfbc2b7e6911,ezoHumidity,sending data,2024-04-18T07:46:59.127232-04:00,April
662108869a8cdfbc2b7e6a23,ezoCO2,sending data,2024-04-18T07:48:22.964403-04:00,April
662108df9a8cdfbc2b7e6b37,ezoHumidity,sending data,2024-04-18T07:49:51.752312-04:00,April
662109339a8cdfbc2b7e6c49,ezoTemperature,sending data,2024-04-18T07:51:15.575637-04:00,April
6621098c9a8cdfbc2b7e6d5d,ezoHumidity,sending data,2024-04-18T07:52:44.375971-04:00,April
662109e09a8cdfbc2b7e6e6f,ezoColor,sending data,2024-04-18T07:54:08.216784-04:00,April
66210a349a8cdfbc2b7e6f81,ezoConductivity,sending data,2024-04-18T07:55:32.190393-04:00,April
66210a8c9a8cdfbc2b7e7095,ezoColor,sending data,2024-04-18T07:57:00.952696-04:00,April
66210ae09a8cdfbc2b7e71a7,ezoConductivity,sending data,2024-04-18T07:58:24.812710-04:00,April
66210b399a8cdfbc2b7e72bb,ezoColor,sending data,2024-04-18T07:59:53.575880-04:00,April
66210b8d9a8cdfbc2b7e73cd,ezoConductivity,sending data,2024-04-18T08:01:17.422845-04:00,April
66210be69a8cdfbc2b7e74e1,ezoHumidity,sending data,2024-04-18T08:02:46.193456-04:00,April
66210c3a9a8cdfbc2b7e75f3,ezoCO2,sending data,2024-04-18T08:04:10.025104-04:00,April
66210c929a8cdfbc2b7e7707,ezoHumidity,sending data,2024-04-18T08:05:38.813094-04:00,April
66210ce69a8cdfbc2b7e7819,ezoTemperature,sending data,2024-04-18T08:07:02.648515-04:00,April
66210d3f9a8cdfbc2b7e792d,ezoHumidity,sending data,2024-04-18T08:08:31.450009-04:00,April
66210d939a8cdfbc2b7e7a3f,ezoColor,sending data,2024-04-18T08:09:55.270677-04:00,April
66210de79a8cdfbc2b7e7b51,ezoConductivity,sending data,2024-04-18T08:11:19.242351-04:00,April
66210e3f9a8cdfbc2b7e7c65,ezoColor,sending data,2024-04-18T08:12:47.996462-04:00,April
66210e939a8cdfbc2b7e7d77,ezoConductivity,sending data,2024-04-18T08:14:11.865041-04:00,April
66210eec9a8cdfbc2b7e7e8b,ezoColor,sending data,2024-04-18T08:15:40.629930-04:00,April
66210f409a8cdfbc2b7e7f9d,ezoConductivity,sending data,2024-04-18T08:17:04.480998-04:00,April
66210f999a8cdfbc2b7e80b1,ezoHumidity,sending data,2024-04-18T08:18:33.251870-04:00,April
66210fed9a8cdfbc2b7e81c3,ezoCO2,sending data,2024-04-18T08:19:57.098442-04:00,April
662110459a8cdfbc2b7e82d7,ezoHumidity,sending data,2024-04-18T08:21:25.886016-04:00,April
662110999a8cdfbc2b7e83e9,ezoTemperature,sending data,2024-04-18T08:22:49.703178-04:00,April
662110f29a8cdfbc2b7e84fd,ezoHumidity,sending data,2024-04-18T08:24:18.489509-04:00,April
662111469a8cdfbc2b7e860f,ezoColor,sending data,2024-04-18T08:25:42.310992-04:00,April
6621119a9a8cdfbc2b7e8721,ezoConductivity,sending data,2024-04-18T08:27:06.286218-04:00,April
662111f39a8cdfbc2b7e8835,ezoColor,sending data,2024-04-18T08:28:35.055461-04:00,April
662112469a8cdfbc2b7e8947,ezoConductivity,sending data,2024-04-18T08:29:58.913498-04:00,April
6621129f9a8cdfbc2b7e8a5b,ezoColor,sending data,2024-04-18T08:31:27.676887-04:00,April
662112f39a8cdfbc2b7e8b6d,ezoConductivity,sending data,2024-04-18T08:32:51.523009-04:00,April
6621134c9a8cdfbc2b7e8c81,ezoHumidity,sending data,2024-04-18T08:34:20.301625-04:00,April
662113a09a8cdfbc2b7e8d93,ezoCO2,sending data,2024-04-18T08:35:44.142324-04:00,April
662113f89a8cdfbc2b7e8ea7,ezoHumidity,sending data,2024-04-18T08:37:12.927499-04:00,April
6621144c9a8cdfbc2b7e8fb9,ezoTemperature,sending data,2024-04-18T08:38:36.759610-04:00,April
662114a59a8cdfbc2b7e90cd,ezoHumidity,sending data,2024-04-18T08:40:05.720530-04:00,April
662114f99a8cdfbc2b7e91df,ezoColor,sending data,2024-04-18T08:41:29.375102-04:00,April
6621154d9a8cdfbc2b7e92f1,ezoConductivity,sending data,2024-04-18T08:42:53.351269-04:00,April
662115a69a8cdfbc2b7e9405,ezoColor,sending data,2024-04-18T08:44:22.121015-04:00,April
662115f99a8cdfbc2b7e9517,ezoConductivity,sending data,2024-04-18T08:45:45.976728-04:00,April
662116529a8cdfbc2b7e962b,ezoColor,sending data,2024-04-18T08:47:14.747664-04:00,April
662116a69a8cdfbc2b7e973d,ezoConductivity,sending data,2024-04-18T08:48:38.602155-04:00,April
662116ff9a8cdfbc2b7e9851,ezoHumidity,sending data,2024-04-18T08:50:07.383226-04:00,April
662117539a8cdfbc2b7e9963,ezoCO2,sending data,2024-04-18T08:51:31.231362-04:00,April
662117ac9a8cdfbc2b7e9a77,ezoHumidity,sending data,2024-04-18T08:53:00.023835-04:00,April
662117ff9a8cdfbc2b7e9b89,ezoTemperature,sending data,2024-04-18T08:54:23.865942-04:00,April
662118589a8cdfbc2b7e9c9d,ezoHumidity,sending data,2024-04-18T08:55:52.675122-04:00,April
662118ac9a8cdfbc2b7e9daf,ezoColor,sending data,2024-04-18T08:57:16.498084-04:00,April
662119009a8cdfbc2b7e9ec1,ezoConductivity,sending data,2024-04-18T08:58:40.474851-04:00,April
662119599a8cdfbc2b7e9fd5,ezoColor,sending data,2024-04-18T09:00:09.269565-04:00,April
662119ad9a8cdfbc2b7ea0e7,ezoConductivity,sending data,2024-04-18T09:01:33.143646-04:00,April
66211a059a8cdfbc2b7ea1fb,ezoColor,sending data,2024-04-18T09:03:01.917520-04:00,April
66211a599a8cdfbc2b7ea30d,ezoConductivity,sending data,2024-04-18T09:04:25.775510-04:00,April
66211ab29a8cdfbc2b7ea421,ezoHumidity,sending data,2024-04-18T09:05:54.546813-04:00,April
66211b069a8cdfbc2b7ea533,ezoCO2,sending data,2024-04-18T09:07:18.404244-04:00,April
66211b5f9a8cdfbc2b7ea647,ezoHumidity,sending data,2024-04-18T09:08:47.211994-04:00,April
66211bb39a8cdfbc2b7ea759,ezoTemperature,sending data,2024-04-18T09:10:11.042721-04:00,April
66211c0b9a8cdfbc2b7ea86d,ezoHumidity,sending data,2024-04-18T09:11:39.836638-04:00,April
66211c6e9a8cdfbc2b7ea9af,ezoColor,sending data,2024-04-18T09:13:18.720811-04:00,April
66211cc79a8cdfbc2b7eaac5,ezoHumidity,sending data,2024-04-18T09:14:47.784388-04:00,April
66211cf49a8cdfbc2b7eab55,ezoHumidity,sending data,2024-04-18T09:15:32.899523-04:00,April
66211d509a8cdfbc2b7eac7f,ezoColor,sending data,2024-04-18T09:17:04.250514-04:00,April
66211db99a8cdfbc2b7eadcb,ezoColor,sending data,2024-04-18T09:18:49.109043-04:00,April
66211e0c9a8cdfbc2b7eaedd,ezoConductivity,sending data,2024-04-18T09:20:12.986973-04:00,April
66211e659a8cdfbc2b7eaff1,ezoHumidity,sending data,2024-04-18T09:21:41.758847-04:00,April
66211eb99a8cdfbc2b7eb103,ezoCO2,sending data,2024-04-18T09:23:05.615428-04:00,April
66211f129a8cdfbc2b7eb217,ezoHumidity,sending data,2024-04-18T09:24:34.405481-04:00,April
66211f669a8cdfbc2b7eb329,ezoTemperature,sending data,2024-04-18T09:25:58.263502-04:00,April
66211fbf9a8cdfbc2b7eb43d,ezoHumidity,sending data,2024-04-18T09:27:27.078881-04:00,April
662120129a8cdfbc2b7eb54f,ezoColor,sending data,2024-04-18T09:28:50.914379-04:00,April
662120669a8cdfbc2b7eb661,ezoConductivity,sending data,2024-04-18T09:30:14.904597-04:00,April
662120bf9a8cdfbc2b7eb775,ezoColor,sending data,2024-04-18T09:31:43.694090-04:00,April
662121139a8cdfbc2b7eb887,ezoConductivity,sending data,2024-04-18T09:33:07.574034-04:00,April
6621216c9a8cdfbc2b7eb99b,ezoColor,sending data,2024-04-18T09:34:36.366839-04:00,April
662121c09a8cdfbc2b7ebaad,ezoConductivity,sending data,2024-04-18T09:36:00.233218-04:00,April
662122199a8cdfbc2b7ebbc1,ezoHumidity,sending data,2024-04-18T09:37:29.025413-04:00,April
6621226c9a8cdfbc2b7ebcd3,ezoCO2,sending data,2024-04-18T09:38:52.880408-04:00,April
662122c59a8cdfbc2b7ebde7,ezoHumidity,sending data,2024-04-18T09:40:21.695776-04:00,April
662123199a8cdfbc2b7ebef9,ezoTemperature,sending data,2024-04-18T09:41:45.546337-04:00,April
662123729a8cdfbc2b7ec00d,ezoHumidity,sending data,2024-04-18T09:43:14.455871-04:00,April
662123c69a8cdfbc2b7ec11f,ezoColor,sending data,2024-04-18T09:44:38.211427-04:00,April
6621241a9a8cdfbc2b7ec231,ezoConductivity,sending data,2024-04-18T09:46:02.208330-04:00,April
662124729a8cdfbc2b7ec345,ezoColor,sending data,2024-04-18T09:47:30.987363-04:00,April
662124c69a8cdfbc2b7ec457,ezoConductivity,sending data,2024-04-18T09:48:54.868342-04:00,April
6621251f9a8cdfbc2b7ec56b,ezoColor,sending data,2024-04-18T09:50:23.663360-04:00,April
662125739a8cdfbc2b7ec67d,ezoConductivity,sending data,2024-04-18T09:51:47.537709-04:00,April
662125cc9a8cdfbc2b7ec791,ezoHumidity,sending data,2024-04-18T09:53:16.312028-04:00,April
662126209a8cdfbc2b7ec8a3,ezoCO2,sending data,2024-04-18T09:54:40.169739-04:00,April
662126789a8cdfbc2b7ec9b7,ezoHumidity,sending data,2024-04-18T09:56:08.988065-04:00,April
662126cc9a8cdfbc2b7ecac9,ezoTemperature,sending data,2024-04-18T09:57:32.827527-04:00,April
662127259a8cdfbc2b7ecbdd,ezoHumidity,sending data,2024-04-18T09:59:01.652743-04:00,April
662127799a8cdfbc2b7eccef,ezoColor,sending data,2024-04-18T10:00:25.484237-04:00,April
662127cd9a8cdfbc2b7ece01,ezoConductivity,sending data,2024-04-18T10:01:49.482352-04:00,April
662128269a8cdfbc2b7ecf15,ezoColor,sending data,2024-04-18T10:03:18.255239-04:00,April
6621287a9a8cdfbc2b7ed027,ezoConductivity,sending data,2024-04-18T10:04:42.130438-04:00,April
662128d29a8cdfbc2b7ed13b,ezoColor,sending data,2024-04-18T10:06:10.913125-04:00,April
662129269a8cdfbc2b7ed24d,ezoConductivity,sending data,2024-04-18T10:07:34.796902-04:00,April
6621297f9a8cdfbc2b7ed361,ezoHumidity,sending data,2024-04-18T10:09:03.590207-04:00,April
662129d39a8cdfbc2b7ed473,ezoCO2,sending data,2024-04-18T10:10:27.446339-04:00,April
66212a2c9a8cdfbc2b7ed587,ezoHumidity,sending data,2024-04-18T10:11:56.258890-04:00,April
66212a809a8cdfbc2b7ed699,ezoTemperature,sending data,2024-04-18T10:13:20.097500-04:00,April
66212ad89a8cdfbc2b7ed7ad,ezoHumidity,sending data,2024-04-18T10:14:48.923491-04:00,April
66212b2c9a8cdfbc2b7ed8bf,ezoColor,sending data,2024-04-18T10:16:12.781096-04:00,April
66212b809a8cdfbc2b7ed9d1,ezoConductivity,sending data,2024-04-18T10:17:36.781635-04:00,April
66212bd99a8cdfbc2b7edae5,ezoColor,sending data,2024-04-18T10:19:05.571990-04:00,April
66212c2d9a8cdfbc2b7edbf7,ezoConductivity,sending data,2024-04-18T10:20:29.457068-04:00,April
66212c869a8cdfbc2b7edd0b,ezoColor,sending data,2024-04-18T10:21:58.255493-04:00,April
66212cda9a8cdfbc2b7ede1d,ezoConductivity,sending data,2024-04-18T10:23:22.131228-04:00,April
66212d329a8cdfbc2b7edf31,ezoHumidity,sending data,2024-04-18T10:24:50.928005-04:00,April
66212d869a8cdfbc2b7ee043,ezoCO2,sending data,2024-04-18T10:26:14.787130-04:00,April
66212ddf9a8cdfbc2b7ee157,ezoHumidity,sending data,2024-04-18T10:27:43.604735-04:00,April
66212e339a8cdfbc2b7ee269,ezoTemperature,sending data,2024-04-18T10:29:07.459369-04:00,April
66212e8c9a8cdfbc2b7ee37d,ezoHumidity,sending data,2024-04-18T10:30:36.280312-04:00,April
66212ee09a8cdfbc2b7ee48f,ezoColor,sending data,2024-04-18T10:32:00.119810-04:00,April
66212f349a8cdfbc2b7ee5a1,ezoConductivity,sending data,2024-04-18T10:33:24.116269-04:00,April
66212f8c9a8cdfbc2b7ee6b5,ezoColor,sending data,2024-04-18T10:34:52.914798-04:00,April
66212fe09a8cdfbc2b7ee7c7,ezoConductivity,sending data,2024-04-18T10:36:16.797313-04:00,April
662130399a8cdfbc2b7ee8db,ezoColor,sending data,2024-04-18T10:37:45.592973-04:00,April
6621308d9a8cdfbc2b7ee9ed,ezoConductivity,sending data,2024-04-18T10:39:09.472785-04:00,April
662130e69a8cdfbc2b7eeb01,ezoHumidity,sending data,2024-04-18T10:40:38.272235-04:00,April
6621313a9a8cdfbc2b7eec13,ezoCO2,sending data,2024-04-18T10:42:02.135434-04:00,April
662131929a8cdfbc2b7eed27,ezoHumidity,sending data,2024-04-18T10:43:30.946480-04:00,April
662131e69a8cdfbc2b7eee39,ezoTemperature,sending data,2024-04-18T10:44:54.802290-04:00,April
6621323f9a8cdfbc2b7eef4d,ezoHumidity,sending data,2024-04-18T10:46:23.697603-04:00,April
662132939a8cdfbc2b7ef05f,ezoColor,sending data,2024-04-18T10:47:47.473651-04:00,April
662132e79a8cdfbc2b7ef171,ezoConductivity,sending data,2024-04-18T10:49:11.475902-04:00,April
662133409a8cdfbc2b7ef285,ezoColor,sending data,2024-04-18T10:50:40.264681-04:00,April
662133949a8cdfbc2b7ef397,ezoConductivity,sending data,2024-04-18T10:52:04.158937-04:00,April
662133ec9a8cdfbc2b7ef4ab,ezoColor,sending data,2024-04-18T10:53:32.951453-04:00,April
662134419a8cdfbc2b7ef5bd,ezoConductivity,sending data,2024-04-18T10:54:57.892207-04:00,April
662134999a8cdfbc2b7ef6d1,ezoHumidity,sending data,2024-04-18T10:56:25.626798-04:00,April
662134ed9a8cdfbc2b7ef7e3,ezoCO2,sending data,2024-04-18T10:57:49.488729-04:00,April
662135469a8cdfbc2b7ef8f7,ezoHumidity,sending data,2024-04-18T10:59:18.313364-04:00,April
6621359a9a8cdfbc2b7efa09,ezoTemperature,sending data,2024-04-18T11:00:42.172584-04:00,April
662135f29a8cdfbc2b7efb1d,ezoHumidity,sending data,2024-04-18T11:02:10.992088-04:00,April
662136469a8cdfbc2b7efc2f,ezoColor,sending data,2024-04-18T11:03:34.832964-04:00,April
6621369a9a8cdfbc2b7efd41,ezoConductivity,sending data,2024-04-18T11:04:58.846380-04:00,April
662136f39a8cdfbc2b7efe55,ezoColor,sending data,2024-04-18T11:06:27.642474-04:00,April
662137479a8cdfbc2b7eff67,ezoConductivity,sending data,2024-04-18T11:07:51.527880-04:00,April
662137a09a8cdfbc2b7f007b,ezoColor,sending data,2024-04-18T11:09:20.323276-04:00,April
662137f49a8cdfbc2b7f018d,ezoConductivity,sending data,2024-04-18T11:10:44.207608-04:00,April
6621384d9a8cdfbc2b7f02a1,ezoHumidity,sending data,2024-04-18T11:12:13.008042-04:00,April
662138a09a8cdfbc2b7f03b3,ezoCO2,sending data,2024-04-18T11:13:36.869968-04:00,April
662138f99a8cdfbc2b7f04c7,ezoHumidity,sending data,2024-04-18T11:15:05.697940-04:00,April
6621394d9a8cdfbc2b7f05d9,ezoTemperature,sending data,2024-04-18T11:16:29.551873-04:00,April
662139a69a8cdfbc2b7f06ed,ezoHumidity,sending data,2024-04-18T11:17:58.380921-04:00,April
662139fa9a8cdfbc2b7f07ff,ezoColor,sending data,2024-04-18T11:19:22.238473-04:00,April
66213a4e9a8cdfbc2b7f0911,ezoConductivity,sending data,2024-04-18T11:20:46.255202-04:00,April
66213aa79a8cdfbc2b7f0a25,ezoColor,sending data,2024-04-18T11:22:15.044346-04:00,April
66213afa9a8cdfbc2b7f0b37,ezoConductivity,sending data,2024-04-18T11:23:38.926106-04:00,April
66213b539a8cdfbc2b7f0c4b,ezoColor,sending data,2024-04-18T11:25:07.712217-04:00,April
66213ba79a8cdfbc2b7f0d5d,ezoConductivity,sending data,2024-04-18T11:26:31.586767-04:00,April
66213c009a8cdfbc2b7f0e71,ezoHumidity,sending data,2024-04-18T11:28:00.390858-04:00,April
66213c549a8cdfbc2b7f0f83,ezoCO2,sending data,2024-04-18T11:29:24.254692-04:00,April
66213cad9a8cdfbc2b7f1097,ezoHumidity,sending data,2024-04-18T11:30:53.080159-04:00,April
66213d009a8cdfbc2b7f11a9,ezoTemperature,sending data,2024-04-18T11:32:16.940841-04:00,April
66213d599a8cdfbc2b7f12bd,ezoHumidity,sending data,2024-04-18T11:33:45.769551-04:00,April
66213dad9a8cdfbc2b7f13cf,ezoColor,sending data,2024-04-18T11:35:09.619100-04:00,April
66213e019a8cdfbc2b7f14e1,ezoConductivity,sending data,2024-04-18T11:36:33.617970-04:00,April
66213e5a9a8cdfbc2b7f15f5,ezoColor,sending data,2024-04-18T11:38:02.412536-04:00,April
66213eae9a8cdfbc2b7f1707,ezoConductivity,sending data,2024-04-18T11:39:26.301207-04:00,April
66213f079a8cdfbc2b7f181b,ezoColor,sending data,2024-04-18T11:40:55.099543-04:00,April
66213f5a9a8cdfbc2b7f192d,ezoConductivity,sending data,2024-04-18T11:42:18.980101-04:00,April
66213fb39a8cdfbc2b7f1a41,ezoHumidity,sending data,2024-04-18T11:43:47.779366-04:00,April
662140079a8cdfbc2b7f1b53,ezoCO2,sending data,2024-04-18T11:45:11.639505-04:00,April
662140609a8cdfbc2b7f1c67,ezoHumidity,sending data,2024-04-18T11:46:40.459635-04:00,April
662140b49a8cdfbc2b7f1d79,ezoTemperature,sending data,2024-04-18T11:48:04.329126-04:00,April
6621410d9a8cdfbc2b7f1e8d,ezoHumidity,sending data,2024-04-18T11:49:33.249165-04:00,April
662141619a8cdfbc2b7f1f9f,ezoColor,sending data,2024-04-18T11:50:57.004955-04:00,April
662141b59a8cdfbc2b7f20b1,ezoConductivity,sending data,2024-04-18T11:52:21.010555-04:00,April
6621420d9a8cdfbc2b7f21c5,ezoColor,sending data,2024-04-18T11:53:49.800177-04:00,April
662142619a8cdfbc2b7f22d7,ezoConductivity,sending data,2024-04-18T11:55:13.696020-04:00,April
662142ba9a8cdfbc2b7f23eb,ezoColor,sending data,2024-04-18T11:56:42.489947-04:00,April
6621430e9a8cdfbc2b7f24fd,ezoConductivity,sending data,2024-04-18T11:58:06.364296-04:00,April
662143679a8cdfbc2b7f2611,ezoHumidity,sending data,2024-04-18T11:59:35.169530-04:00,April
662143bb9a8cdfbc2b7f2723,ezoCO2,sending data,2024-04-18T12:00:59.024847-04:00,April
662144139a8cdfbc2b7f2837,ezoHumidity,sending data,2024-04-18T12:02:27.848319-04:00,April
662144679a8cdfbc2b7f2949,ezoTemperature,sending data,2024-04-18T12:03:51.708039-04:00,April
662144c09a8cdfbc2b7f2a5d,ezoHumidity,sending data,2024-04-18T12:05:20.537879-04:00,April
662145149a8cdfbc2b7f2b6f,ezoColor,sending data,2024-04-18T12:06:44.388700-04:00,April
662145689a8cdfbc2b7f2c81,ezoConductivity,sending data,2024-04-18T12:08:08.401786-04:00,April
662145c19a8cdfbc2b7f2d95,ezoColor,sending data,2024-04-18T12:09:37.260145-04:00,April
662146159a8cdfbc2b7f2ea7,ezoConductivity,sending data,2024-04-18T12:11:01.086434-04:00,April
6621466d9a8cdfbc2b7f2fbb,ezoColor,sending data,2024-04-18T12:12:29.884401-04:00,April
662146c19a8cdfbc2b7f30cd,ezoConductivity,sending data,2024-04-18T12:13:53.766253-04:00,April
6621471a9a8cdfbc2b7f31e1,ezoHumidity,sending data,2024-04-18T12:15:22.570187-04:00,April
6621476e9a8cdfbc2b7f32f3,ezoCO2,sending data,2024-04-18T12:16:46.429910-04:00,April
662147c79a8cdfbc2b7f3407,ezoHumidity,sending data,2024-04-18T12:18:15.253950-04:00,April
6621481b9a8cdfbc2b7f3519,ezoTemperature,sending data,2024-04-18T12:19:39.106183-04:00,April
662148739a8cdfbc2b7f362d,ezoHumidity,sending data,2024-04-18T12:21:07.929724-04:00,April
662148c79a8cdfbc2b7f373f,ezoColor,sending data,2024-04-18T12:22:31.783457-04:00,April
6621491b9a8cdfbc2b7f3851,ezoConductivity,sending data,2024-04-18T12:23:55.789015-04:00,April
662149749a8cdfbc2b7f3965,ezoColor,sending data,2024-04-18T12:25:24.585314-04:00,April
662149c89a8cdfbc2b7f3a77,ezoConductivity,sending data,2024-04-18T12:26:48.468429-04:00,April
66214a219a8cdfbc2b7f3b8b,ezoColor,sending data,2024-04-18T12:28:17.266124-04:00,April
66214a759a8cdfbc2b7f3c9d,ezoConductivity,sending data,2024-04-18T12:29:41.145649-04:00,April
66214acd9a8cdfbc2b7f3db1,ezoHumidity,sending data,2024-04-18T12:31:09.947957-04:00,April
66214b219a8cdfbc2b7f3ec3,ezoCO2,sending data,2024-04-18T12:32:33.810987-04:00,April
66214b7a9a8cdfbc2b7f3fd7,ezoHumidity,sending data,2024-04-18T12:34:02.631007-04:00,April
66214bce9a8cdfbc2b7f40e9,ezoTemperature,sending data,2024-04-18T12:35:26.620318-04:00,April
66214c279a8cdfbc2b7f41fd,ezoHumidity,sending data,2024-04-18T12:36:55.378671-04:00,April
66214c7b9a8cdfbc2b7f430f,ezoColor,sending data,2024-04-18T12:38:19.228576-04:00,April
66214ccf9a8cdfbc2b7f4421,ezoConductivity,sending data,2024-04-18T12:39:43.244103-04:00,April
66214d289a8cdfbc2b7f4535,ezoColor,sending data,2024-04-18T12:41:12.041008-04:00,April
66214d7b9a8cdfbc2b7f4647,ezoConductivity,sending data,2024-04-18T12:42:35.930709-04:00,April
66214dd49a8cdfbc2b7f475b,ezoColor,sending data,2024-04-18T12:44:04.780106-04:00,April
66214e289a8cdfbc2b7f486d,ezoConductivity,sending data,2024-04-18T12:45:28.659325-04:00,April
66214e819a8cdfbc2b7f4981,ezoHumidity,sending data,2024-04-18T12:46:57.462102-04:00,April
66214ed59a8cdfbc2b7f4a93,ezoCO2,sending data,2024-04-18T12:48:21.324121-04:00,April
66214f2e9a8cdfbc2b7f4ba7,ezoHumidity,sending data,2024-04-18T12:49:50.145695-04:00,April
66214f819a8cdfbc2b7f4cb9,ezoTemperature,sending data,2024-04-18T12:51:13.997613-04:00,April
66214fda9a8cdfbc2b7f4dcd,ezoHumidity,sending data,2024-04-18T12:52:42.903725-04:00,April
6621502e9a8cdfbc2b7f4edf,ezoColor,sending data,2024-04-18T12:54:06.678228-04:00,April
662150829a8cdfbc2b7f4ff1,ezoConductivity,sending data,2024-04-18T12:55:30.688964-04:00,April
662150db9a8cdfbc2b7f5105,ezoColor,sending data,2024-04-18T12:56:59.484064-04:00,April
6621512f9a8cdfbc2b7f5217,ezoConductivity,sending data,2024-04-18T12:58:23.373986-04:00,April
662151889a8cdfbc2b7f532b,ezoColor,sending data,2024-04-18T12:59:52.170376-04:00,April
662151dc9a8cdfbc2b7f543d,ezoConductivity,sending data,2024-04-18T13:01:16.044282-04:00,April
662152349a8cdfbc2b7f5551,ezoHumidity,sending data,2024-04-18T13:02:44.836410-04:00,April
662152889a8cdfbc2b7f5663,ezoCO2,sending data,2024-04-18T13:04:08.705357-04:00,April
662152e19a8cdfbc2b7f5777,ezoHumidity,sending data,2024-04-18T13:05:37.523424-04:00,April
662153359a8cdfbc2b7f5889,ezoTemperature,sending data,2024-04-18T13:07:01.380336-04:00,April
6621538e9a8cdfbc2b7f599d,ezoHumidity,sending data,2024-04-18T13:08:30.204411-04:00,April
662153e29a8cdfbc2b7f5aaf,ezoColor,sending data,2024-04-18T13:09:54.053167-04:00,April
662154369a8cdfbc2b7f5bc1,ezoConductivity,sending data,2024-04-18T13:11:18.057901-04:00,April
6621548e9a8cdfbc2b7f5cd5,ezoColor,sending data,2024-04-18T13:12:46.853437-04:00,April
662154e29a8cdfbc2b7f5de7,ezoConductivity,sending data,2024-04-18T13:14:10.744858-04:00,April
6621553b9a8cdfbc2b7f5efb,ezoColor,sending data,2024-04-18T13:15:39.536813-04:00,April
6621558f9a8cdfbc2b7f600d,ezoConductivity,sending data,2024-04-18T13:17:03.417919-04:00,April
662155e89a8cdfbc2b7f6121,ezoHumidity,sending data,2024-04-18T13:18:32.223452-04:00,April
6621563c9a8cdfbc2b7f6233,ezoCO2,sending data,2024-04-18T13:19:56.087053-04:00,April
662156949a8cdfbc2b7f6347,ezoHumidity,sending data,2024-04-18T13:21:24.911211-04:00,April
662156e89a8cdfbc2b7f6459,ezoTemperature,sending data,2024-04-18T13:22:48.769079-04:00,April
662157419a8cdfbc2b7f656d,ezoHumidity,sending data,2024-04-18T13:24:17.600255-04:00,April
662157959a8cdfbc2b7f667f,ezoColor,sending data,2024-04-18T13:25:41.450744-04:00,April
662157e99a8cdfbc2b7f6791,ezoConductivity,sending data,2024-04-18T13:27:05.468828-04:00,April
662158429a8cdfbc2b7f68a5,ezoColor,sending data,2024-04-18T13:28:34.262546-04:00,April
662158969a8cdfbc2b7f69b7,ezoConductivity,sending data,2024-04-18T13:29:58.152283-04:00,April
662158ee9a8cdfbc2b7f6acb,ezoColor,sending data,2024-04-18T13:31:26.944732-04:00,April
662159429a8cdfbc2b7f6bdd,ezoConductivity,sending data,2024-04-18T13:32:50.824522-04:00,April
6621599b9a8cdfbc2b7f6cf1,ezoHumidity,sending data,2024-04-18T13:34:19.630832-04:00,April
662159ef9a8cdfbc2b7f6e03,ezoCO2,sending data,2024-04-18T13:35:43.491111-04:00,April
66215a489a8cdfbc2b7f6f17,ezoHumidity,sending data,2024-04-18T13:37:12.312007-04:00,April
66215a9c9a8cdfbc2b7f7029,ezoTemperature,sending data,2024-04-18T13:38:36.170284-04:00,April
66215af49a8cdfbc2b7f713d,ezoHumidity,sending data,2024-04-18T13:40:04.990143-04:00,April
66215b489a8cdfbc2b7f724f,ezoColor,sending data,2024-04-18T13:41:28.843540-04:00,April
66215b9c9a8cdfbc2b7f7361,ezoConductivity,sending data,2024-04-18T13:42:52.851481-04:00,April
66215bf59a8cdfbc2b7f7475,ezoColor,sending data,2024-04-18T13:44:21.646485-04:00,April
66215c499a8cdfbc2b7f7587,ezoConductivity,sending data,2024-04-18T13:45:45.536814-04:00,April
66215ca29a8cdfbc2b7f769b,ezoColor,sending data,2024-04-18T13:47:14.330055-04:00,April
66215cf69a8cdfbc2b7f77ad,ezoConductivity,sending data,2024-04-18T13:48:38.208250-04:00,April
66215d4f9a8cdfbc2b7f78c1,ezoHumidity,sending data,2024-04-18T13:50:07.013348-04:00,April
66215da29a8cdfbc2b7f79d3,ezoCO2,sending data,2024-04-18T13:51:30.875496-04:00,April
66215dfb9a8cdfbc2b7f7ae7,ezoHumidity,sending data,2024-04-18T13:52:59.705140-04:00,April
66215e4f9a8cdfbc2b7f7bf9,ezoTemperature,sending data,2024-04-18T13:54:23.558424-04:00,April
66215ea89a8cdfbc2b7f7d0d,ezoHumidity,sending data,2024-04-18T13:55:52.557068-04:00,April
66215efc9a8cdfbc2b7f7e1f,ezoColor,sending data,2024-04-18T13:57:16.306230-04:00,April
66215f509a8cdfbc2b7f7f31,ezoConductivity,sending data,2024-04-18T13:58:40.308343-04:00,April
66215fa99a8cdfbc2b7f8045,ezoColor,sending data,2024-04-18T14:00:09.105545-04:00,April
66215ffc9a8cdfbc2b7f8157,ezoConductivity,sending data,2024-04-18T14:01:32.991839-04:00,April
662160559a8cdfbc2b7f826b,ezoColor,sending data,2024-04-18T14:03:01.786401-04:00,April
662160a99a8cdfbc2b7f837d,ezoConductivity,sending data,2024-04-18T14:04:25.665493-04:00,April
662161029a8cdfbc2b7f8491,ezoHumidity,sending data,2024-04-18T14:05:54.469033-04:00,April
662161569a8cdfbc2b7f85a3,ezoCO2,sending data,2024-04-18T14:07:18.333823-04:00,April
662161af9a8cdfbc2b7f86b7,ezoHumidity,sending data,2024-04-18T14:08:47.155956-04:00,April
662162039a8cdfbc2b7f87c9,ezoTemperature,sending data,2024-04-18T14:10:11.015963-04:00,April
6621625b9a8cdfbc2b7f88dd,ezoHumidity,sending data,2024-04-18T14:11:39.846438-04:00,April
662162af9a8cdfbc2b7f89ef,ezoColor,sending data,2024-04-18T14:13:03.692758-04:00,April
662163039a8cdfbc2b7f8b01,ezoConductivity,sending data,2024-04-18T14:14:27.700190-04:00,April
6621635e9a8cdfbc2b7f8c15,ezoColor,sending data,2024-04-18T14:15:58.032468-04:00,April
662163b09a8cdfbc2b7f8d27,ezoConductivity,sending data,2024-04-18T14:17:20.384232-04:00,April
662164099a8cdfbc2b7f8e3b,ezoColor,sending data,2024-04-18T14:18:49.187577-04:00,April
6621645d9a8cdfbc2b7f8f4d,ezoConductivity,sending data,2024-04-18T14:20:13.063071-04:00,April
662164b59a8cdfbc2b7f9061,ezoHumidity,sending data,2024-04-18T14:21:41.867675-04:00,April
662165099a8cdfbc2b7f9173,ezoCO2,sending data,2024-04-18T14:23:05.727973-04:00,April
662165629a8cdfbc2b7f9287,ezoHumidity,sending data,2024-04-18T14:24:34.563802-04:00,April
662165b69a8cdfbc2b7f9399,ezoTemperature,sending data,2024-04-18T14:25:58.414435-04:00,April
6621660f9a8cdfbc2b7f94ad,ezoHumidity,sending data,2024-04-18T14:27:27.243803-04:00,April
662166639a8cdfbc2b7f95bf,ezoColor,sending data,2024-04-18T14:28:51.097260-04:00,April
662166b79a8cdfbc2b7f96d1,ezoConductivity,sending data,2024-04-18T14:30:15.108642-04:00,April
6621670f9a8cdfbc2b7f97e5,ezoColor,sending data,2024-04-18T14:31:43.906972-04:00,April
662167639a8cdfbc2b7f98f7,ezoConductivity,sending data,2024-04-18T14:33:07.796040-04:00,April
662167bc9a8cdfbc2b7f9a0b,ezoColor,sending data,2024-04-18T14:34:36.583933-04:00,April
662168109a8cdfbc2b7f9b1d,ezoConductivity,sending data,2024-04-18T14:36:00.465725-04:00,April
662168699a8cdfbc2b7f9c31,ezoHumidity,sending data,2024-04-18T14:37:29.264467-04:00,April
662168bd9a8cdfbc2b7f9d43,ezoCO2,sending data,2024-04-18T14:38:53.123895-04:00,April
662169159a8cdfbc2b7f9e57,ezoHumidity,sending data,2024-04-18T14:40:21.949683-04:00,April
662169699a8cdfbc2b7f9f69,ezoTemperature,sending data,2024-04-18T14:41:45.807102-04:00,April
662169c29a8cdfbc2b7fa07d,ezoHumidity,sending data,2024-04-18T14:43:14.632584-04:00,April
66216a169a8cdfbc2b7fa18f,ezoColor,sending data,2024-04-18T14:44:38.483451-04:00,April
66216a6a9a8cdfbc2b7fa2a1,ezoConductivity,sending data,2024-04-18T14:46:02.494592-04:00,April
66216ac39a8cdfbc2b7fa3b5,ezoColor,sending data,2024-04-18T14:47:31.293378-04:00,April
66216b179a8cdfbc2b7fa4c7,ezoConductivity,sending data,2024-04-18T14:48:55.181785-04:00,April
66216b6f9a8cdfbc2b7fa5db,ezoColor,sending data,2024-04-18T14:50:23.979589-04:00,April
66216bc39a8cdfbc2b7fa6ed,ezoConductivity,sending data,2024-04-18T14:51:47.857093-04:00,April
66216c1c9a8cdfbc2b7fa801,ezoHumidity,sending data,2024-04-18T14:53:16.666551-04:00,April
66216c709a8cdfbc2b7fa913,ezoCO2,sending data,2024-04-18T14:54:40.525112-04:00,April
66216cc99a8cdfbc2b7faa27,ezoHumidity,sending data,2024-04-18T14:56:09.350827-04:00,April
66216d1d9a8cdfbc2b7fab39,ezoTemperature,sending data,2024-04-18T14:57:33.217814-04:00,April
66216d769a8cdfbc2b7fac4d,ezoHumidity,sending data,2024-04-18T14:59:02.108778-04:00,April
66216dc99a8cdfbc2b7fad5f,ezoColor,sending data,2024-04-18T15:00:25.889013-04:00,April
66216e1d9a8cdfbc2b7fae71,ezoConductivity,sending data,2024-04-18T15:01:49.900495-04:00,April
66216e769a8cdfbc2b7faf85,ezoColor,sending data,2024-04-18T15:03:18.700649-04:00,April
66216eca9a8cdfbc2b7fb097,ezoConductivity,sending data,2024-04-18T15:04:42.652075-04:00,April
66216f239a8cdfbc2b7fb1ab,ezoColor,sending data,2024-04-18T15:06:11.450468-04:00,April
66216f779a8cdfbc2b7fb2bd,ezoConductivity,sending data,2024-04-18T15:07:35.333067-04:00,April
66216fd09a8cdfbc2b7fb3d1,ezoHumidity,sending data,2024-04-18T15:09:04.133900-04:00,April
662170239a8cdfbc2b7fb4e3,ezoCO2,sending data,2024-04-18T15:10:27.996415-04:00,April
6621707c9a8cdfbc2b7fb5f7,ezoHumidity,sending data,2024-04-18T15:11:56.822107-04:00,April
662170d09a8cdfbc2b7fb709,ezoTemperature,sending data,2024-04-18T15:13:20.685072-04:00,April
662171299a8cdfbc2b7fb81d,ezoHumidity,sending data,2024-04-18T15:14:49.513841-04:00,April
6621717d9a8cdfbc2b7fb92f,ezoColor,sending data,2024-04-18T15:16:13.367027-04:00,April
662171d19a8cdfbc2b7fba41,ezoConductivity,sending data,2024-04-18T15:17:37.374474-04:00,April
6621722a9a8cdfbc2b7fbb55,ezoColor,sending data,2024-04-18T15:19:06.169787-04:00,April
6621727e9a8cdfbc2b7fbc67,ezoConductivity,sending data,2024-04-18T15:20:30.063891-04:00,April
662172d69a8cdfbc2b7fbd7b,ezoColor,sending data,2024-04-18T15:21:58.866312-04:00,April
6621732a9a8cdfbc2b7fbe8d,ezoConductivity,sending data,2024-04-18T15:23:22.747886-04:00,April
662173839a8cdfbc2b7fbfa1,ezoHumidity,sending data,2024-04-18T15:24:51.552134-04:00,April
662173d79a8cdfbc2b7fc0b3,ezoCO2,sending data,2024-04-18T15:26:15.419300-04:00,April
662174309a8cdfbc2b7fc1c7,ezoHumidity,sending data,2024-04-18T15:27:44.240211-04:00,April
662174849a8cdfbc2b7fc2d9,ezoTemperature,sending data,2024-04-18T15:29:08.096894-04:00,April
662174dc9a8cdfbc2b7fc3ed,ezoHumidity,sending data,2024-04-18T15:30:36.916679-04:00,April
662175309a8cdfbc2b7fc4ff,ezoColor,sending data,2024-04-18T15:32:00.767939-04:00,April
662175849a8cdfbc2b7fc611,ezoConductivity,sending data,2024-04-18T15:33:24.778546-04:00,April
662175dd9a8cdfbc2b7fc725,ezoColor,sending data,2024-04-18T15:34:53.578174-04:00,April
662176319a8cdfbc2b7fc837,ezoConductivity,sending data,2024-04-18T15:36:17.465928-04:00,April
6621768a9a8cdfbc2b7fc94b,ezoColor,sending data,2024-04-18T15:37:46.262937-04:00,April
662176de9a8cdfbc2b7fca5d,ezoConductivity,sending data,2024-04-18T15:39:10.145365-04:00,April
662177369a8cdfbc2b7fcb71,ezoHumidity,sending data,2024-04-18T15:40:38.950245-04:00,April
6621778a9a8cdfbc2b7fcc83,ezoCO2,sending data,2024-04-18T15:42:02.819536-04:00,April
662177e39a8cdfbc2b7fcd97,ezoHumidity,sending data,2024-04-18T15:43:31.632812-04:00,April
662178379a8cdfbc2b7fcea9,ezoTemperature,sending data,2024-04-18T15:44:55.492341-04:00,April
662178909a8cdfbc2b7fcfbd,ezoHumidity,sending data,2024-04-18T15:46:24.322726-04:00,April
662178e49a8cdfbc2b7fd0cf,ezoColor,sending data,2024-04-18T15:47:48.174725-04:00,April
662179389a8cdfbc2b7fd1e1,ezoConductivity,sending data,2024-04-18T15:49:12.189017-04:00,April
662179909a8cdfbc2b7fd2f5,ezoColor,sending data,2024-04-18T15:50:40.988297-04:00,April
662179e49a8cdfbc2b7fd407,ezoConductivity,sending data,2024-04-18T15:52:04.882467-04:00,April
66217a3d9a8cdfbc2b7fd51b,ezoColor,sending data,2024-04-18T15:53:33.672988-04:00,April
66217a919a8cdfbc2b7fd62d,ezoConductivity,sending data,2024-04-18T15:54:57.556628-04:00,April
66217aea9a8cdfbc2b7fd741,ezoHumidity,sending data,2024-04-18T15:56:26.359468-04:00,April
66217b3e9a8cdfbc2b7fd853,ezoCO2,sending data,2024-04-18T15:57:50.224611-04:00,April
66217b979a8cdfbc2b7fd967,ezoHumidity,sending data,2024-04-18T15:59:19.046100-04:00,April
66217bea9a8cdfbc2b7fda79,ezoTemperature,sending data,2024-04-18T16:00:42.904921-04:00,April
66217c439a8cdfbc2b7fdb8d,ezoHumidity,sending data,2024-04-18T16:02:11.865282-04:00,April
66217c999a8cdfbc2b7fdc9f,ezoColor,sending data,2024-04-18T16:03:37.002304-04:00,April
66217ceb9a8cdfbc2b7fddb1,ezoConductivity,sending data,2024-04-18T16:04:59.584247-04:00,April
66217d449a8cdfbc2b7fdec5,ezoColor,sending data,2024-04-18T16:06:28.382628-04:00,April
66217d989a8cdfbc2b7fdfd7,ezoConductivity,sending data,2024-04-18T16:07:52.273122-04:00,April
66217df19a8cdfbc2b7fe0eb,ezoColor,sending data,2024-04-18T16:09:21.068226-04:00,April
66217e449a8cdfbc2b7fe1fd,ezoConductivity,sending data,2024-04-18T16:10:44.947225-04:00,April
66217e9d9a8cdfbc2b7fe311,ezoHumidity,sending data,2024-04-18T16:12:13.748392-04:00,April
66217ef19a8cdfbc2b7fe423,ezoCO2,sending data,2024-04-18T16:13:37.611899-04:00,April
66217f4a9a8cdfbc2b7fe537,ezoHumidity,sending data,2024-04-18T16:15:06.436745-04:00,April
66217f9e9a8cdfbc2b7fe649,ezoTemperature,sending data,2024-04-18T16:16:30.296305-04:00,April
66217ff79a8cdfbc2b7fe75d,ezoHumidity,sending data,2024-04-18T16:17:59.123621-04:00,April
6621804a9a8cdfbc2b7fe86f,ezoColor,sending data,2024-04-18T16:19:22.966620-04:00,April
6621809e9a8cdfbc2b7fe981,ezoConductivity,sending data,2024-04-18T16:20:46.979018-04:00,April
662180f79a8cdfbc2b7fea95,ezoColor,sending data,2024-04-18T16:22:15.777764-04:00,April
6621814b9a8cdfbc2b7feba7,ezoConductivity,sending data,2024-04-18T16:23:39.663307-04:00,April
662181a49a8cdfbc2b7fecbb,ezoColor,sending data,2024-04-18T16:25:08.524070-04:00,April
662181f89a8cdfbc2b7fedcd,ezoConductivity,sending data,2024-04-18T16:26:32.341669-04:00,April
662182519a8cdfbc2b7feee1,ezoHumidity,sending data,2024-04-18T16:28:01.145800-04:00,April
662182a59a8cdfbc2b7feff3,ezoCO2,sending data,2024-04-18T16:29:25.010787-04:00,April
662182fd9a8cdfbc2b7ff107,ezoHumidity,sending data,2024-04-18T16:30:53.833718-04:00,April
662183519a8cdfbc2b7ff219,ezoTemperature,sending data,2024-04-18T16:32:17.693237-04:00,April
662183aa9a8cdfbc2b7ff32d,ezoHumidity,sending data,2024-04-18T16:33:46.523507-04:00,April
662183fe9a8cdfbc2b7ff43f,ezoColor,sending data,2024-04-18T16:35:10.368734-04:00,April
662184529a8cdfbc2b7ff551,ezoConductivity,sending data,2024-04-18T16:36:34.381670-04:00,April
662184ab9a8cdfbc2b7ff665,ezoColor,sending data,2024-04-18T16:38:03.181994-04:00,April
662184ff9a8cdfbc2b7ff777,ezoConductivity,sending data,2024-04-18T16:39:27.074035-04:00,April
662185579a8cdfbc2b7ff88b,ezoColor,sending data,2024-04-18T16:40:55.871069-04:00,April
662185ab9a8cdfbc2b7ff99d,ezoConductivity,sending data,2024-04-18T16:42:19.749876-04:00,April
662186049a8cdfbc2b7ffab1,ezoHumidity,sending data,2024-04-18T16:43:48.555338-04:00,April
662186589a8cdfbc2b7ffbc3,ezoCO2,sending data,2024-04-18T16:45:12.412876-04:00,April
662186b19a8cdfbc2b7ffcd7,ezoHumidity,sending data,2024-04-18T16:46:41.235708-04:00,April
662187059a8cdfbc2b7ffde9,ezoTemperature,sending data,2024-04-18T16:48:05.104096-04:00,April
6621875d9a8cdfbc2b7ffefd,ezoHumidity,sending data,2024-04-18T16:49:33.915244-04:00,April
662187b19a8cdfbc2b80000f,ezoColor,sending data,2024-04-18T16:50:57.772766-04:00,April
662188059a8cdfbc2b800121,ezoConductivity,sending data,2024-04-18T16:52:21.780737-04:00,April
6621885e9a8cdfbc2b800235,ezoColor,sending data,2024-04-18T16:53:50.582550-04:00,April
662188b29a8cdfbc2b800347,ezoConductivity,sending data,2024-04-18T16:55:14.470430-04:00,April
6621890b9a8cdfbc2b80045b,ezoColor,sending data,2024-04-18T16:56:43.269262-04:00,April
6621895f9a8cdfbc2b80056d,ezoConductivity,sending data,2024-04-18T16:58:07.151608-04:00,April
662189b79a8cdfbc2b800681,ezoHumidity,sending data,2024-04-18T16:59:35.954399-04:00,April
66218a0b9a8cdfbc2b800793,ezoCO2,sending data,2024-04-18T17:00:59.817275-04:00,April
66218a649a8cdfbc2b8008a7,ezoHumidity,sending data,2024-04-18T17:02:28.647530-04:00,April
66218ab89a8cdfbc2b8009b9,ezoTemperature,sending data,2024-04-18T17:03:52.506763-04:00,April
66218b119a8cdfbc2b800acd,ezoHumidity,sending data,2024-04-18T17:05:21.416973-04:00,April
66218b659a8cdfbc2b800bdf,ezoColor,sending data,2024-04-18T17:06:45.185442-04:00,April
66218bb99a8cdfbc2b800cf1,ezoConductivity,sending data,2024-04-18T17:08:09.195834-04:00,April
66218c119a8cdfbc2b800e05,ezoColor,sending data,2024-04-18T17:09:37.996319-04:00,April
66218c659a8cdfbc2b800f17,ezoConductivity,sending data,2024-04-18T17:11:01.882567-04:00,April
66218cbe9a8cdfbc2b80102b,ezoColor,sending data,2024-04-18T17:12:30.681489-04:00,April
66218d129a8cdfbc2b80113d,ezoConductivity,sending data,2024-04-18T17:13:54.567475-04:00,April
66218d6b9a8cdfbc2b801251,ezoHumidity,sending data,2024-04-18T17:15:23.357761-04:00,April
66218dbf9a8cdfbc2b801363,ezoCO2,sending data,2024-04-18T17:16:47.224013-04:00,April
66218e189a8cdfbc2b801477,ezoHumidity,sending data,2024-04-18T17:18:16.047610-04:00,April
66218e6b9a8cdfbc2b801589,ezoTemperature,sending data,2024-04-18T17:19:39.900199-04:00,April
66218ec49a8cdfbc2b80169d,ezoHumidity,sending data,2024-04-18T17:21:08.730249-04:00,April
66218f189a8cdfbc2b8017af,ezoColor,sending data,2024-04-18T17:22:32.582211-04:00,April
66218f6c9a8cdfbc2b8018c1,ezoConductivity,sending data,2024-04-18T17:23:56.657843-04:00,April
66218fc59a8cdfbc2b8019d5,ezoColor,sending data,2024-04-18T17:25:25.455164-04:00,April
662190199a8cdfbc2b801ae7,ezoConductivity,sending data,2024-04-18T17:26:49.428072-04:00,April
662190729a8cdfbc2b801bfb,ezoColor,sending data,2024-04-18T17:28:18.145066-04:00,April
662190c69a8cdfbc2b801d0d,ezoConductivity,sending data,2024-04-18T17:29:42.025215-04:00,April
6621911e9a8cdfbc2b801e21,ezoHumidity,sending data,2024-04-18T17:31:10.828775-04:00,April
662191729a8cdfbc2b801f33,ezoCO2,sending data,2024-04-18T17:32:34.694762-04:00,April
662191cb9a8cdfbc2b802047,ezoHumidity,sending data,2024-04-18T17:34:03.518779-04:00,April
6621921f9a8cdfbc2b802159,ezoTemperature,sending data,2024-04-18T17:35:27.376183-04:00,April
662192789a8cdfbc2b80226d,ezoHumidity,sending data,2024-04-18T17:36:56.202476-04:00,April
662192cc9a8cdfbc2b80237f,ezoColor,sending data,2024-04-18T17:38:20.127257-04:00,April
662193209a8cdfbc2b802491,ezoConductivity,sending data,2024-04-18T17:39:44.138304-04:00,April
662193789a8cdfbc2b8025a5,ezoColor,sending data,2024-04-18T17:41:12.932068-04:00,April
662193cc9a8cdfbc2b8026b7,ezoConductivity,sending data,2024-04-18T17:42:36.820499-04:00,April
662194259a8cdfbc2b8027cb,ezoColor,sending data,2024-04-18T17:44:05.617975-04:00,April
662194799a8cdfbc2b8028dd,ezoConductivity,sending data,2024-04-18T17:45:29.500304-04:00,April
662194d29a8cdfbc2b8029f1,ezoHumidity,sending data,2024-04-18T17:46:58.300948-04:00,April
662195269a8cdfbc2b802b03,ezoCO2,sending data,2024-04-18T17:48:22.165197-04:00,April
6621957e9a8cdfbc2b802c17,ezoHumidity,sending data,2024-04-18T17:49:50.987100-04:00,April
662195d29a8cdfbc2b802d29,ezoTemperature,sending data,2024-04-18T17:51:14.844373-04:00,April
6621962b9a8cdfbc2b802e3d,ezoHumidity,sending data,2024-04-18T17:52:43.674525-04:00,April
6621967f9a8cdfbc2b802f4f,ezoColor,sending data,2024-04-18T17:54:07.528013-04:00,April
662196d39a8cdfbc2b803061,ezoConductivity,sending data,2024-04-18T17:55:31.537221-04:00,April
6621972c9a8cdfbc2b803175,ezoColor,sending data,2024-04-18T17:57:00.339340-04:00,April
662197809a8cdfbc2b803287,ezoConductivity,sending data,2024-04-18T17:58:24.227984-04:00,April
662197d99a8cdfbc2b80339b,ezoColor,sending data,2024-04-18T17:59:53.022215-04:00,April
6621982c9a8cdfbc2b8034ad,ezoConductivity,sending data,2024-04-18T18:01:16.900712-04:00,April
662198859a8cdfbc2b8035c1,ezoHumidity,sending data,2024-04-18T18:02:45.705672-04:00,April
662198d99a8cdfbc2b8036d3,ezoCO2,sending data,2024-04-18T18:04:09.589029-04:00,April
662199329a8cdfbc2b8037e7,ezoHumidity,sending data,2024-04-18T18:05:38.390503-04:00,April
662199869a8cdfbc2b8038f9,ezoTemperature,sending data,2024-04-18T18:07:02.248811-04:00,April
662199df9a8cdfbc2b803a0d,ezoHumidity,sending data,2024-04-18T18:08:31.173683-04:00,April
66219a329a8cdfbc2b803b1f,ezoColor,sending data,2024-04-18T18:09:54.929882-04:00,April
66219a869a8cdfbc2b803c31,ezoConductivity,sending data,2024-04-18T18:11:18.941937-04:00,April
66219adf9a8cdfbc2b803d45,ezoColor,sending data,2024-04-18T18:12:47.740061-04:00,April
66219b339a8cdfbc2b803e57,ezoConductivity,sending data,2024-04-18T18:14:11.633324-04:00,April
66219b8c9a8cdfbc2b803f6b,ezoColor,sending data,2024-04-18T18:15:40.430757-04:00,April
66219be09a8cdfbc2b80407d,ezoConductivity,sending data,2024-04-18T18:17:04.386222-04:00,April
66219c399a8cdfbc2b804191,ezoHumidity,sending data,2024-04-18T18:18:33.188512-04:00,April
66219c8d9a8cdfbc2b8042a3,ezoCO2,sending data,2024-04-18T18:19:57.052868-04:00,April
66219ce59a8cdfbc2b8043b7,ezoHumidity,sending data,2024-04-18T18:21:25.876634-04:00,April
66219d399a8cdfbc2b8044c9,ezoTemperature,sending data,2024-04-18T18:22:49.735560-04:00,April
66219d929a8cdfbc2b8045dd,ezoHumidity,sending data,2024-04-18T18:24:18.559269-04:00,April
66219de69a8cdfbc2b8046ef,ezoColor,sending data,2024-04-18T18:25:42.411106-04:00,April
66219e3a9a8cdfbc2b804801,ezoConductivity,sending data,2024-04-18T18:27:06.423113-04:00,April
66219e939a8cdfbc2b804915,ezoColor,sending data,2024-04-18T18:28:35.221303-04:00,April
66219ee79a8cdfbc2b804a27,ezoConductivity,sending data,2024-04-18T18:29:59.114226-04:00,April
66219f3f9a8cdfbc2b804b3b,ezoColor,sending data,2024-04-18T18:31:27.914777-04:00,April
66219f939a8cdfbc2b804c4d,ezoConductivity,sending data,2024-04-18T18:32:51.791784-04:00,April
66219fec9a8cdfbc2b804d61,ezoHumidity,sending data,2024-04-18T18:34:20.584389-04:00,April
6621a0409a8cdfbc2b804e73,ezoCO2,sending data,2024-04-18T18:35:44.454782-04:00,April
6621a0999a8cdfbc2b804f87,ezoHumidity,sending data,2024-04-18T18:37:13.275586-04:00,April
6621a0ed9a8cdfbc2b805099,ezoTemperature,sending data,2024-04-18T18:38:37.133184-04:00,April
6621a1459a8cdfbc2b8051ad,ezoHumidity,sending data,2024-04-18T18:40:05.963168-04:00,April
6621a1999a8cdfbc2b8052bf,ezoColor,sending data,2024-04-18T18:41:29.815728-04:00,April
6621a1ed9a8cdfbc2b8053d1,ezoConductivity,sending data,2024-04-18T18:42:53.830171-04:00,April
6621a2469a8cdfbc2b8054e5,ezoColor,sending data,2024-04-18T18:44:22.628814-04:00,April
6621a29a9a8cdfbc2b8055f7,ezoConductivity,sending data,2024-04-18T18:45:46.582137-04:00,April
6621a2f39a8cdfbc2b80570b,ezoColor,sending data,2024-04-18T18:47:15.375736-04:00,April
6621a3479a8cdfbc2b80581d,ezoConductivity,sending data,2024-04-18T18:48:39.256075-04:00,April
6621a3a09a8cdfbc2b805931,ezoHumidity,sending data,2024-04-18T18:50:08.056195-04:00,April
6621a3f39a8cdfbc2b805a43,ezoCO2,sending data,2024-04-18T18:51:31.921212-04:00,April
6621a44c9a8cdfbc2b805b57,ezoHumidity,sending data,2024-04-18T18:53:00.747841-04:00,April
6621a4a09a8cdfbc2b805c69,ezoTemperature,sending data,2024-04-18T18:54:24.604876-04:00,April
6621a4f99a8cdfbc2b805d7d,ezoHumidity,sending data,2024-04-18T18:55:53.434665-04:00,April
6621a54d9a8cdfbc2b805e8f,ezoColor,sending data,2024-04-18T18:57:17.288603-04:00,April
6621a5a19a8cdfbc2b805fa1,ezoConductivity,sending data,2024-04-18T18:58:41.360919-04:00,April
6621a5fa9a8cdfbc2b8060b5,ezoColor,sending data,2024-04-18T19:00:10.162317-04:00,April
6621a64e9a8cdfbc2b8061c7,ezoConductivity,sending data,2024-04-18T19:01:34.047025-04:00,April
6621a6a69a8cdfbc2b8062db,ezoColor,sending data,2024-04-18T19:03:02.845424-04:00,April
6621a6fa9a8cdfbc2b8063ed,ezoConductivity,sending data,2024-04-18T19:04:26.728081-04:00,April
6621a7539a8cdfbc2b806501,ezoHumidity,sending data,2024-04-18T19:05:55.531181-04:00,April
6621a7a79a8cdfbc2b806613,ezoCO2,sending data,2024-04-18T19:07:19.395550-04:00,April
6621a8009a8cdfbc2b806727,ezoHumidity,sending data,2024-04-18T19:08:48.219520-04:00,April
6621a8549a8cdfbc2b806839,ezoTemperature,sending data,2024-04-18T19:10:12.078706-04:00,April
6621a8ad9a8cdfbc2b80694d,ezoHumidity,sending data,2024-04-18T19:11:41.032703-04:00,April
6621a9009a8cdfbc2b806a5f,ezoColor,sending data,2024-04-18T19:13:04.753589-04:00,April
6621a9549a8cdfbc2b806b71,ezoConductivity,sending data,2024-04-18T19:14:28.765789-04:00,April
6621a9ad9a8cdfbc2b806c85,ezoColor,sending data,2024-04-18T19:15:57.565978-04:00,April
6621aa019a8cdfbc2b806d97,ezoConductivity,sending data,2024-04-18T19:17:21.457404-04:00,April
6621aa5a9a8cdfbc2b806eab,ezoColor,sending data,2024-04-18T19:18:50.253994-04:00,April
6621aaae9a8cdfbc2b806fbd,ezoConductivity,sending data,2024-04-18T19:20:14.134893-04:00,April
6621ab069a8cdfbc2b8070d1,ezoHumidity,sending data,2024-04-18T19:21:42.937721-04:00,April
6621ab5a9a8cdfbc2b8071e3,ezoCO2,sending data,2024-04-18T19:23:06.805168-04:00,April
6621abb39a8cdfbc2b8072f7,ezoHumidity,sending data,2024-04-18T19:24:35.630572-04:00,April
6621ac079a8cdfbc2b807409,ezoTemperature,sending data,2024-04-18T19:25:59.487141-04:00,April
6621ac609a8cdfbc2b80751d,ezoHumidity,sending data,2024-04-18T19:27:28.308346-04:00,April
6621acb49a8cdfbc2b80762f,ezoColor,sending data,2024-04-18T19:28:52.162875-04:00,April
6621ad089a8cdfbc2b807741,ezoConductivity,sending data,2024-04-18T19:30:16.168427-04:00,April
6621ad609a8cdfbc2b807855,ezoColor,sending data,2024-04-18T19:31:44.968857-04:00,April
6621adb49a8cdfbc2b807967,ezoConductivity,sending data,2024-04-18T19:33:08.860918-04:00,April
6621ae0d9a8cdfbc2b807a7b,ezoColor,sending data,2024-04-18T19:34:37.659335-04:00,April
6621ae619a8cdfbc2b807b8d,ezoConductivity,sending data,2024-04-18T19:36:01.540009-04:00,April
6621aeba9a8cdfbc2b807ca1,ezoHumidity,sending data,2024-04-18T19:37:30.344079-04:00,April
6621af0e9a8cdfbc2b807db3,ezoCO2,sending data,2024-04-18T19:38:54.205946-04:00,April
6621af679a8cdfbc2b807ec7,ezoHumidity,sending data,2024-04-18T19:40:23.032258-04:00,April
6621afba9a8cdfbc2b807fd9,ezoTemperature,sending data,2024-04-18T19:41:46.889989-04:00,April
6621b0139a8cdfbc2b8080ed,ezoHumidity,sending data,2024-04-18T19:43:15.717333-04:00,April
6621b0679a8cdfbc2b8081ff,ezoColor,sending data,2024-04-18T19:44:39.574477-04:00,April
6621b0bb9a8cdfbc2b808311,ezoConductivity,sending data,2024-04-18T19:46:03.582863-04:00,April
6621b1149a8cdfbc2b808425,ezoColor,sending data,2024-04-18T19:47:32.386169-04:00,April
6621b1689a8cdfbc2b808537,ezoConductivity,sending data,2024-04-18T19:48:56.275757-04:00,April
6621b1c19a8cdfbc2b80864b,ezoColor,sending data,2024-04-18T19:50:25.073468-04:00,April
6621b2149a8cdfbc2b80875d,ezoConductivity,sending data,2024-04-18T19:51:48.952596-04:00,April
6621b26d9a8cdfbc2b808871,ezoHumidity,sending data,2024-04-18T19:53:17.757915-04:00,April
6621b2c19a8cdfbc2b808983,ezoCO2,sending data,2024-04-18T19:54:41.619677-04:00,April
6621b31a9a8cdfbc2b808a97,ezoHumidity,sending data,2024-04-18T19:56:10.445343-04:00,April
6621b36e9a8cdfbc2b808ba9,ezoTemperature,sending data,2024-04-18T19:57:34.304260-04:00,April
6621b3c79a8cdfbc2b808cbd,ezoHumidity,sending data,2024-04-18T19:59:03.133038-04:00,April
6621b41a9a8cdfbc2b808dcf,ezoColor,sending data,2024-04-18T20:00:26.978006-04:00,April
6621b46f9a8cdfbc2b808ee1,ezoConductivity,sending data,2024-04-18T20:01:51.041303-04:00,April
6621b4c79a8cdfbc2b808ff5,ezoColor,sending data,2024-04-18T20:03:19.841620-04:00,April
6621b51b9a8cdfbc2b809107,ezoConductivity,sending data,2024-04-18T20:04:43.732479-04:00,April
6621b5749a8cdfbc2b80921b,ezoColor,sending data,2024-04-18T20:06:12.529575-04:00,April
6621b5c89a8cdfbc2b80932d,ezoConductivity,sending data,2024-04-18T20:07:36.410200-04:00,April
6621b6219a8cdfbc2b809441,ezoHumidity,sending data,2024-04-18T20:09:05.214981-04:00,April
6621b6759a8cdfbc2b809553,ezoCO2,sending data,2024-04-18T20:10:29.076407-04:00,April
6621b6cd9a8cdfbc2b809667,ezoHumidity,sending data,2024-04-18T20:11:57.902203-04:00,April
6621b7219a8cdfbc2b809779,ezoTemperature,sending data,2024-04-18T20:13:21.762299-04:00,April
6621b77a9a8cdfbc2b80988d,ezoHumidity,sending data,2024-04-18T20:14:50.687033-04:00,April
6621b7ce9a8cdfbc2b80999f,ezoColor,sending data,2024-04-18T20:16:14.449012-04:00,April
6621b8229a8cdfbc2b809ab1,ezoConductivity,sending data,2024-04-18T20:17:38.456563-04:00,April
6621b87b9a8cdfbc2b809bc5,ezoColor,sending data,2024-04-18T20:19:07.255590-04:00,April
6621b8d09a8cdfbc2b809cd7,ezoConductivity,sending data,2024-04-18T20:20:32.323064-04:00,April
6621b9279a8cdfbc2b809deb,ezoColor,sending data,2024-04-18T20:21:59.936447-04:00,April
6621b97b9a8cdfbc2b809efd,ezoConductivity,sending data,2024-04-18T20:23:23.818505-04:00,April
6621b9d49a8cdfbc2b80a011,ezoHumidity,sending data,2024-04-18T20:24:52.619744-04:00,April
6621ba289a8cdfbc2b80a123,ezoCO2,sending data,2024-04-18T20:26:16.488454-04:00,April
6621ba819a8cdfbc2b80a237,ezoHumidity,sending data,2024-04-18T20:27:45.311992-04:00,April
6621bad59a8cdfbc2b80a349,ezoTemperature,sending data,2024-04-18T20:29:09.171273-04:00,April
6621bb2d9a8cdfbc2b80a45d,ezoHumidity,sending data,2024-04-18T20:30:37.998552-04:00,April
6621bb819a8cdfbc2b80a56f,ezoColor,sending data,2024-04-18T20:32:01.855039-04:00,April
6621bbd59a8cdfbc2b80a681,ezoConductivity,sending data,2024-04-18T20:33:25.865242-04:00,April
6621bc2e9a8cdfbc2b80a795,ezoColor,sending data,2024-04-18T20:34:54.664312-04:00,April
6621bc829a8cdfbc2b80a8a7,ezoConductivity,sending data,2024-04-18T20:36:18.561874-04:00,April
6621bcdb9a8cdfbc2b80a9bb,ezoColor,sending data,2024-04-18T20:37:47.356377-04:00,April
6621bd2f9a8cdfbc2b80aacd,ezoConductivity,sending data,2024-04-18T20:39:11.236032-04:00,April
6621bd889a8cdfbc2b80abe1,ezoHumidity,sending data,2024-04-18T20:40:40.044650-04:00,April
6621bddb9a8cdfbc2b80acf3,ezoCO2,sending data,2024-04-18T20:42:03.967723-04:00,April
6621be349a8cdfbc2b80ae07,ezoHumidity,sending data,2024-04-18T20:43:32.729700-04:00,April
6621be889a8cdfbc2b80af19,ezoTemperature,sending data,2024-04-18T20:44:56.589292-04:00,April
6621bee19a8cdfbc2b80b02d,ezoHumidity,sending data,2024-04-18T20:46:25.413915-04:00,April
6621bf359a8cdfbc2b80b13f,ezoColor,sending data,2024-04-18T20:47:49.266582-04:00,April
6621bf899a8cdfbc2b80b251,ezoConductivity,sending data,2024-04-18T20:49:13.277982-04:00,April
6621bfe29a8cdfbc2b80b365,ezoColor,sending data,2024-04-18T20:50:42.078917-04:00,April
6621c0359a8cdfbc2b80b477,ezoConductivity,sending data,2024-04-18T20:52:05.973698-04:00,April
6621c08e9a8cdfbc2b80b58b,ezoColor,sending data,2024-04-18T20:53:34.762908-04:00,April
6621c0e29a8cdfbc2b80b69d,ezoConductivity,sending data,2024-04-18T20:54:58.646648-04:00,April
6621c13b9a8cdfbc2b80b7b1,ezoHumidity,sending data,2024-04-18T20:56:27.450734-04:00,April
6621c18f9a8cdfbc2b80b8c3,ezoCO2,sending data,2024-04-18T20:57:51.313237-04:00,April
6621c1e89a8cdfbc2b80b9d7,ezoHumidity,sending data,2024-04-18T20:59:20.139832-04:00,April
6621c23b9a8cdfbc2b80bae9,ezoTemperature,sending data,2024-04-18T21:00:43.998743-04:00,April
6621c2949a8cdfbc2b80bbfd,ezoHumidity,sending data,2024-04-18T21:02:12.828121-04:00,April
6621c2e99a8cdfbc2b80bd0f,ezoColor,sending data,2024-04-18T21:03:37.551145-04:00,April
6621c33c9a8cdfbc2b80be21,ezoConductivity,sending data,2024-04-18T21:05:00.693843-04:00,April
6621c3959a8cdfbc2b80bf35,ezoColor,sending data,2024-04-18T21:06:29.497277-04:00,April
6621c3e99a8cdfbc2b80c047,ezoConductivity,sending data,2024-04-18T21:07:53.388069-04:00,April
6621c4429a8cdfbc2b80c15b,ezoColor,sending data,2024-04-18T21:09:22.181692-04:00,April
6621c4969a8cdfbc2b80c26d,ezoConductivity,sending data,2024-04-18T21:10:46.065276-04:00,April
6621c4ee9a8cdfbc2b80c381,ezoHumidity,sending data,2024-04-18T21:12:14.869512-04:00,April
6621c5429a8cdfbc2b80c493,ezoCO2,sending data,2024-04-18T21:13:38.731024-04:00,April
6621c59b9a8cdfbc2b80c5a7,ezoHumidity,sending data,2024-04-18T21:15:07.557460-04:00,April
6621c5ef9a8cdfbc2b80c6b9,ezoTemperature,sending data,2024-04-18T21:16:31.416838-04:00,April
6621c6489a8cdfbc2b80c7cd,ezoHumidity,sending data,2024-04-18T21:18:00.341523-04:00,April
6621c69d9a8cdfbc2b80c8df,ezoColor,sending data,2024-04-18T21:19:25.184757-04:00,April
6621c6f09a8cdfbc2b80c9f1,ezoConductivity,sending data,2024-04-18T21:20:48.103160-04:00,April
6621c7489a8cdfbc2b80cb05,ezoColor,sending data,2024-04-18T21:22:16.902739-04:00,April
6621c79c9a8cdfbc2b80cc17,ezoConductivity,sending data,2024-04-18T21:23:40.786569-04:00,April
6621c7f59a8cdfbc2b80cd2b,ezoColor,sending data,2024-04-18T21:25:09.585602-04:00,April
6621c8499a8cdfbc2b80ce3d,ezoConductivity,sending data,2024-04-18T21:26:33.456918-04:00,April
6621c8a29a8cdfbc2b80cf51,ezoHumidity,sending data,2024-04-18T21:28:02.256146-04:00,April
6621c8f69a8cdfbc2b80d063,ezoCO2,sending data,2024-04-18T21:29:26.120970-04:00,April
6621c94e9a8cdfbc2b80d177,ezoHumidity,sending data,2024-04-18T21:30:54.944161-04:00,April
6621c9a29a8cdfbc2b80d289,ezoTemperature,sending data,2024-04-18T21:32:18.801157-04:00,April
6621c9fb9a8cdfbc2b80d39d,ezoHumidity,sending data,2024-04-18T21:33:47.630751-04:00,April
6621ca4f9a8cdfbc2b80d4af,ezoColor,sending data,2024-04-18T21:35:11.482461-04:00,April
6621caa39a8cdfbc2b80d5c1,ezoConductivity,sending data,2024-04-18T21:36:35.494873-04:00,April
6621cafc9a8cdfbc2b80d6d5,ezoColor,sending data,2024-04-18T21:38:04.293285-04:00,April
6621cb509a8cdfbc2b80d7e7,ezoConductivity,sending data,2024-04-18T21:39:28.185102-04:00,April
6621cba89a8cdfbc2b80d8fb,ezoColor,sending data,2024-04-18T21:40:56.983282-04:00,April
6621cbfc9a8cdfbc2b80da0d,ezoConductivity,sending data,2024-04-18T21:42:20.864514-04:00,April
6621cc559a8cdfbc2b80db21,ezoHumidity,sending data,2024-04-18T21:43:49.666956-04:00,April
6621cca99a8cdfbc2b80dc33,ezoCO2,sending data,2024-04-18T21:45:13.532242-04:00,April
6621cd029a8cdfbc2b80dd47,ezoHumidity,sending data,2024-04-18T21:46:42.357196-04:00,April
6621cd569a8cdfbc2b80de59,ezoTemperature,sending data,2024-04-18T21:48:06.214398-04:00,April
6621cdaf9a8cdfbc2b80df6d,ezoHumidity,sending data,2024-04-18T21:49:35.039657-04:00,April
6621ce029a8cdfbc2b80e07f,ezoColor,sending data,2024-04-18T21:50:58.886498-04:00,April
6621ce569a8cdfbc2b80e191,ezoConductivity,sending data,2024-04-18T21:52:22.896364-04:00,April
6621ceaf9a8cdfbc2b80e2a5,ezoColor,sending data,2024-04-18T21:53:51.696751-04:00,April
6621cf039a8cdfbc2b80e3b7,ezoConductivity,sending data,2024-04-18T21:55:15.586975-04:00,April
6621cf5c9a8cdfbc2b80e4cb,ezoColor,sending data,2024-04-18T21:56:44.381499-04:00,April
6621cfb09a8cdfbc2b80e5dd,ezoConductivity,sending data,2024-04-18T21:58:08.262643-04:00,April
6621d0099a8cdfbc2b80e6f1,ezoHumidity,sending data,2024-04-18T21:59:37.065900-04:00,April
6621d05c9a8cdfbc2b80e803,ezoCO2,sending data,2024-04-18T22:01:00.922738-04:00,April
6621d0b59a8cdfbc2b80e917,ezoHumidity,sending data,2024-04-18T22:02:29.814375-04:00,April
6621d1099a8cdfbc2b80ea29,ezoTemperature,sending data,2024-04-18T22:03:53.671801-04:00,April
6621d1629a8cdfbc2b80eb3d,ezoHumidity,sending data,2024-04-18T22:05:22.501471-04:00,April
6621d1b69a8cdfbc2b80ec4f,ezoColor,sending data,2024-04-18T22:06:46.354729-04:00,April
6621d20a9a8cdfbc2b80ed61,ezoConductivity,sending data,2024-04-18T22:08:10.363808-04:00,April
6621d2639a8cdfbc2b80ee75,ezoColor,sending data,2024-04-18T22:09:39.160097-04:00,April
6621d2b79a8cdfbc2b80ef87,ezoConductivity,sending data,2024-04-18T22:11:03.046796-04:00,April
6621d30f9a8cdfbc2b80f09b,ezoColor,sending data,2024-04-18T22:12:31.847917-04:00,April
6621d3639a8cdfbc2b80f1ad,ezoConductivity,sending data,2024-04-18T22:13:55.729774-04:00,April
6621d3bc9a8cdfbc2b80f2c1,ezoHumidity,sending data,2024-04-18T22:15:24.533722-04:00,April
6621d4109a8cdfbc2b80f3d3,ezoCO2,sending data,2024-04-18T22:16:48.397382-04:00,April
6621d4699a8cdfbc2b80f4e7,ezoHumidity,sending data,2024-04-18T22:18:17.222354-04:00,April
6621d4bd9a8cdfbc2b80f5f9,ezoTemperature,sending data,2024-04-18T22:19:41.080321-04:00,April
6621d5159a8cdfbc2b80f70d,ezoHumidity,sending data,2024-04-18T22:21:09.995648-04:00,April
6621d5699a8cdfbc2b80f81f,ezoColor,sending data,2024-04-18T22:22:33.765058-04:00,April
6621d5bd9a8cdfbc2b80f931,ezoConductivity,sending data,2024-04-18T22:23:57.777967-04:00,April
6621d6169a8cdfbc2b80fa45,ezoColor,sending data,2024-04-18T22:25:26.574676-04:00,April
6621d66a9a8cdfbc2b80fb57,ezoConductivity,sending data,2024-04-18T22:26:50.468628-04:00,April
6621d6c39a8cdfbc2b80fc6b,ezoColor,sending data,2024-04-18T22:28:19.259036-04:00,April
6621d7179a8cdfbc2b80fd7d,ezoConductivity,sending data,2024-04-18T22:29:43.138206-04:00,April
6621d76f9a8cdfbc2b80fe91,ezoHumidity,sending data,2024-04-18T22:31:11.937620-04:00,April
6621d7c39a8cdfbc2b80ffa3,ezoCO2,sending data,2024-04-18T22:32:35.795595-04:00,April
6621d81c9a8cdfbc2b8100b7,ezoHumidity,sending data,2024-04-18T22:34:04.624941-04:00,April
6621d8709a8cdfbc2b8101c9,ezoTemperature,sending data,2024-04-18T22:35:28.491239-04:00,April
6621d8c99a8cdfbc2b8102dd,ezoHumidity,sending data,2024-04-18T22:36:57.312003-04:00,April
6621d91d9a8cdfbc2b8103ef,ezoColor,sending data,2024-04-18T22:38:21.166612-04:00,April
6621d9719a8cdfbc2b810501,ezoConductivity,sending data,2024-04-18T22:39:45.176513-04:00,April
6621d9c99a8cdfbc2b810615,ezoColor,sending data,2024-04-18T22:41:13.968276-04:00,April
6621da1d9a8cdfbc2b810727,ezoConductivity,sending data,2024-04-18T22:42:37.856043-04:00,April
6621da769a8cdfbc2b81083b,ezoColor,sending data,2024-04-18T22:44:06.652496-04:00,April
6621daca9a8cdfbc2b81094d,ezoConductivity,sending data,2024-04-18T22:45:30.533811-04:00,April
6621db239a8cdfbc2b810a61,ezoHumidity,sending data,2024-04-18T22:46:59.336105-04:00,April
6621db779a8cdfbc2b810b73,ezoCO2,sending data,2024-04-18T22:48:23.198103-04:00,April
6621dbd09a8cdfbc2b810c87,ezoHumidity,sending data,2024-04-18T22:49:52.023066-04:00,April
6621dc239a8cdfbc2b810d99,ezoTemperature,sending data,2024-04-18T22:51:15.883144-04:00,April
6621dc7c9a8cdfbc2b810ead,ezoHumidity,sending data,2024-04-18T22:52:44.708200-04:00,April
6621dcd09a8cdfbc2b810fbf,ezoColor,sending data,2024-04-18T22:54:08.560694-04:00,April
6621dd249a8cdfbc2b8110d1,ezoConductivity,sending data,2024-04-18T22:55:32.572746-04:00,April
6621dd7d9a8cdfbc2b8111e5,ezoColor,sending data,2024-04-18T22:57:01.362714-04:00,April
6621ddd19a8cdfbc2b8112f7,ezoConductivity,sending data,2024-04-18T22:58:25.253547-04:00,April
6621de2a9a8cdfbc2b81140b,ezoColor,sending data,2024-04-18T22:59:54.051295-04:00,April
6621de7d9a8cdfbc2b81151d,ezoConductivity,sending data,2024-04-18T23:01:17.929771-04:00,April
6621ded69a8cdfbc2b811631,ezoHumidity,sending data,2024-04-18T23:02:46.733146-04:00,April
6621df2a9a8cdfbc2b811743,ezoCO2,sending data,2024-04-18T23:04:10.599872-04:00,April
6621df839a8cdfbc2b811857,ezoHumidity,sending data,2024-04-18T23:05:39.426347-04:00,April
6621dfd79a8cdfbc2b811969,ezoTemperature,sending data,2024-04-18T23:07:03.280631-04:00,April
6621e0309a8cdfbc2b811a7d,ezoHumidity,sending data,2024-04-18T23:08:32.112411-04:00,April
6621e0839a8cdfbc2b811b8f,ezoColor,sending data,2024-04-18T23:09:55.898105-04:00,April
6621e0d79a8cdfbc2b811ca1,ezoConductivity,sending data,2024-04-18T23:11:19.752446-04:00,April
6621e1309a8cdfbc2b811db5,ezoColor,sending data,2024-04-18T23:12:48.402071-04:00,April
6621e1849a8cdfbc2b811ec7,ezoConductivity,sending data,2024-04-18T23:14:12.132033-04:00,April
6621e1dc9a8cdfbc2b811fdb,ezoColor,sending data,2024-04-18T23:15:40.784838-04:00,April
6621e2309a8cdfbc2b8120ed,ezoConductivity,sending data,2024-04-18T23:17:04.506843-04:00,April
6621e2899a8cdfbc2b812201,ezoHumidity,sending data,2024-04-18T23:18:33.168197-04:00,April
6621e2dc9a8cdfbc2b812313,ezoCO2,sending data,2024-04-18T23:19:56.873331-04:00,April
6621e3359a8cdfbc2b812427,ezoHumidity,sending data,2024-04-18T23:21:25.551551-04:00,April
6621e3899a8cdfbc2b812539,ezoTemperature,sending data,2024-04-18T23:22:49.258117-04:00,April
6621e3e29a8cdfbc2b81264d,ezoHumidity,sending data,2024-04-18T23:24:18.012329-04:00,April
6621e4359a8cdfbc2b81275f,ezoColor,sending data,2024-04-18T23:25:41.634441-04:00,April
6621e4899a8cdfbc2b812871,ezoConductivity,sending data,2024-04-18T23:27:05.480732-04:00,April
6621e4e29a8cdfbc2b812985,ezoColor,sending data,2024-04-18T23:28:34.129685-04:00,April
6621e5359a8cdfbc2b812a97,ezoConductivity,sending data,2024-04-18T23:29:57.856669-04:00,April
6621e58e9a8cdfbc2b812bab,ezoColor,sending data,2024-04-18T23:31:26.488955-04:00,April
6621e5e29a8cdfbc2b812cbd,ezoConductivity,sending data,2024-04-18T23:32:50.192765-04:00,April
6621e63a9a8cdfbc2b812dd1,ezoHumidity,sending data,2024-04-18T23:34:18.845098-04:00,April
6621e68e9a8cdfbc2b812ee3,ezoCO2,sending data,2024-04-18T23:35:42.524920-04:00,April
6621e6e79a8cdfbc2b812ff7,ezoHumidity,sending data,2024-04-18T23:37:11.179589-04:00,April
6621e73a9a8cdfbc2b813109,ezoTemperature,sending data,2024-04-18T23:38:34.844735-04:00,April
6621e7939a8cdfbc2b81321d,ezoHumidity,sending data,2024-04-18T23:40:03.479550-04:00,April
6621e7e79a8cdfbc2b81332f,ezoColor,sending data,2024-04-18T23:41:27.147698-04:00,April
6621e83a9a8cdfbc2b813441,ezoConductivity,sending data,2024-04-18T23:42:50.954987-04:00,April
6621e8939a8cdfbc2b813555,ezoColor,sending data,2024-04-18T23:44:19.560214-04:00,April
6621e8e79a8cdfbc2b813667,ezoConductivity,sending data,2024-04-18T23:45:43.354333-04:00,April
6621e93f9a8cdfbc2b81377b,ezoColor,sending data,2024-04-18T23:47:11.866700-04:00,April
6621e9939a8cdfbc2b81388d,ezoConductivity,sending data,2024-04-18T23:48:35.552036-04:00,April
6621e9ec9a8cdfbc2b8139a1,ezoHumidity,sending data,2024-04-18T23:50:04.171379-04:00,April
6621ea3f9a8cdfbc2b813ab3,ezoCO2,sending data,2024-04-18T23:51:27.834244-04:00,April
6621ea989a8cdfbc2b813bc7,ezoHumidity,sending data,2024-04-18T23:52:56.464157-04:00,April
6621eaec9a8cdfbc2b813cd9,ezoTemperature,sending data,2024-04-18T23:54:20.131412-04:00,April
6621eb449a8cdfbc2b813ded,ezoHumidity,sending data,2024-04-18T23:55:48.764799-04:00,April
6621eb989a8cdfbc2b813eff,ezoColor,sending data,2024-04-18T23:57:12.435620-04:00,April
6621ebec9a8cdfbc2b814011,ezoConductivity,sending data,2024-04-18T23:58:36.244232-04:00,April
